Program,URL,Dept.,Alabama,Alaska,Arizona,Arkansas,California,Colorado,Connecticut,Delaware,District of Columbia,Florida,Georgia,Hawaii,Idaho,Illinois,Indiana,Iowa,Kansas,Kentucky,Louisiana,Maine,Maryland,Massachusetts,Michigan,Minnesota,Mississippi,Missouri,Montana,Nebraska,Nevada,New Hampshire,New Jersey,New Mexico,New York,North Carolina,North Dakota,Ohio,Oklahoma,Oregon,Pennsylvania,Rhode Island,South Carolina,South Dakota,Tennessee,Texas,Utah,Vermont,Virginia,Washington,West Virginia,Wisconsin,Wyoming
Medicare *FY2017,https://www.medicare.gov/index,HHS,"$11,403,472,000","$1,309,136,000","$12,818,195,000","$7,519,024,000","$70,224,300,000","$8,469,833,000","$9,573,113,000","$3,086,554,000","$1,496,988,000","$50,316,897,000","$18,896,507,000","$1,973,222,000","$3,083,396,000","$29,473,293,000","$15,786,163,000","$7,432,112,000","$6,889,284,000","$11,307,893,000","$10,961,058,000","$3,677,806,000","$16,589,482,000","$18,644,742,000","$24,378,648,000","$10,972,242,000","$8,675,676,000","$14,079,028,000","$2,362,159,000","$4,568,962,000","$5,594,515,000","$3,754,903,000","$24,725,920,000","$3,809,972,000","$46,124,363,000","$22,298,142,000","$1,730,010,000","$25,753,117,000","$10,090,932,000","$6,853,548,000","$29,656,325,000","$2,108,042,000","$12,489,181,000","$2,207,298,000","$14,541,615,000","$50,065,391,000","$3,678,147,000","$1,871,316,000","$17,629,955,000","$13,045,323,000","$5,336,523,000","$11,363,404,000","$1,402,873,000"
Medicaid *FY2017,https://www.medicaid.gov/,HHS,"$4,068,128,000","$1,437,360,000","$9,168,872,000","$5,233,552,000","$52,251,053,000","$4,738,243,000","$4,581,203,000","$1,400,746,000","$2,175,606,000","$14,627,654,000","$7,251,905,000","$1,609,715,000","$1,372,954,000","$9,949,814,000","$8,370,623,000","$2,673,861,000","$1,954,836,000","$7,583,709,000","$7,939,911,000","$1,777,811,000","$7,065,053,000","$9,978,555,000","$12,568,266,000","$6,930,019,000","$4,227,454,000","$6,678,010,000","$1,482,366,000","$1,145,760,000","$2,775,335,000","$1,297,338,000","$9,399,266,000","$3,858,465,000","$38,531,701,000","$9,411,458,000","$817,678,000","$16,478,815,000","$2,983,507,000","$6,513,327,000","$17,742,316,000","$1,664,801,000","$4,466,748,000","$531,828,000","$6,298,350,000","$21,078,511,000","$1,807,476,000","$1,040,439,000","$4,811,942,000","$7,997,273,000","$3,277,360,000","$5,033,472,000","$343,345,000"
Supplemental Nutrition Assistance Program,https://www.fns.usda.gov/snap/supplemental-nutrition-assistance-program,USDA,"$1,254,835,320.00","$175,483,424.00","$1,402,230,493.00","$577,775,082.00","$7,237,700,086.00","$728,042,703.00","$685,510,011.00","$220,683,314.00","$210,436,410.00","$5,216,754,147.00","$2,663,017,763.00","$484,225,008.00","$255,423,930.00","$3,040,976,772.00","$1,068,458,926.00","$507,597,206.00","$342,324,968.00","$980,976,984.00","$1,494,495,292.00","$254,898,802.00","$1,079,151,904.00","$1,189,716,303.00","$2,167,714,845.00","$602,563,639.00","$814,420,697.00","$1,182,957,874.00","$166,365,465.00","$240,677,417.00","$629,519,652.00","$120,552,019.00","$1,223,052,433.00","$693,426,783.00","$4,922,406,430.00","$2,248,946,897.00","$78,700,888.00","$2,396,032,919.00","$885,643,482.00","$1,072,982,185.00","$2,729,024,683.00","$271,959,596.00","$1,222,104,228.00","$144,590,242.00","$1,672,282,240.00","$5,308,544,560.00","$301,869,697.00","$116,470,075.00","$1,169,412,644.00","$1,452,893,518.00","$499,059,458.00","$922,851,050.00","$48,510,210.00"
Highway Planning and Construction,https://www.federalgrantswire.com/highway-planning-and-construction.html,DOT,"$797,046,829.00","$550,503,380.00","$731,776,875.00","$572,385,237.00","$3,543,298,741.00","$641,923,739.00","$514,876,948.00","$190,057,439.00","$168,585,286.00","$1,903,288,624.00","$1,348,487,982.00","$82,140,212.00","$299,697,316.00","$1,530,790,690.00","$962,971,891.00","$511,582,769.00","$397,153,908.00","$737,677,975.00","$724,112,238.00","$193,473,217.00","$599,159,884.00","$670,674,565.00","$1,116,401,469.00","$659,896,484.00","$528,658,444.00","$967,234,062.00","$441,147,063.00","$324,505,843.00","$357,425,690.00","$174,155,111.00","$762,823,698.00","$386,013,375.00","$1,832,060,578.00","$1,043,576,154.00","$264,780,684.00","$1,429,624,834.00","$681,522,318.00","$506,975,879.00","$1,967,464,015.00","$215,231,118.00","$691,516,916.00","$299,654,250.00","$825,266,381.00","$3,330,264,684.00","$379,255,946.00","$216,999,341.00","$1,024,381,647.00","$682,958,983.00","$472,394,314.00","$747,536,188.00","$269,858,060.00"
Section 8 Housing Choice Vouchers,https://www.hud.gov/topics/housing_choice_voucher_program_section_8,HUD,"$194,272,000.00","$41,973,000.00","$172,605,000.00","$98,153,000.00","$3,545,946,000.00","$258,262,000.00","$403,013,000.00","$40,629,000.00","$200,816,000.00","$878,547,000.00","$508,669,000.00","$120,946,000.00","$39,589,000.00","$926,672,000.00","$209,448,000.00","$97,702,000.00","$65,279,000.00","$203,933,000.00","$357,712,000.00","$85,397,000.00","$550,772,000.00","$979,548,000.00","$362,649,000.00","$237,106,000.00","$156,908,000.00","$243,143,000.00","$32,344,000.00","$68,456,000.00","$141,749,000.00","$84,289,000.00","$740,745,000.00","$75,625,000.00","$2,480,014,000.00","$370,210,000.00","$36,194,000.00","$561,927,000.00","$135,796,000.00","$245,500,000.00","$609,804,000.00","$84,113,000.00","$157,024,000.00","$30,457,000.00","$224,524,000.00","$1,045,058,000.00","$75,540,000.00","$53,056,000.00","$402,768,000.00","$509,706,000.00","$74,190,000.00","$154,318,000.00","$14,088,000.00"
Very Low to Moderate Income Housing Loans,https://www.federalgrantswire.com/very-low-to-moderate-income-housing-loans.html#.XiXbir9OnOQ,USDA,"$435,108,296.00","$112,014,712.00","$234,385,031.00","$384,157,930.00","$512,261,295.00","$243,896,069.00","$108,242,639.00","$131,474,188.00",$0.00,"$608,013,181.00","$548,932,461.00","$182,283,030.00","$171,424,210.00","$309,755,034.00","$572,929,900.00","$213,545,990.00","$124,715,928.00","$466,716,929.00","$616,987,026.00","$266,728,827.00","$444,985,128.00","$163,310,984.00","$667,887,608.00","$475,752,332.00","$363,885,442.00","$586,342,341.00","$164,810,948.00","$99,395,630.00","$115,519,804.00","$130,616,190.00","$120,154,190.00","$46,350,437.00","$214,100,490.00","$887,731,855.00","$50,109,952.00","$516,562,039.00","$248,818,239.00","$376,461,086.00","$610,322,282.00","$23,004,324.00","$506,496,548.00","$160,044,687.00","$824,129,062.00","$649,059,465.00","$371,351,996.00","$75,986,637.00","$587,360,809.00","$446,692,303.00","$229,696,497.00","$329,658,598.00","$174,790,775.00"
Title I Grants to LEAs,https://www2.ed.gov/programs/titleiparta/index.html,ED,"$230,728,658.00","$39,266,561.00","$344,902,908.00","$158,953,454.00","$1,749,000,363.00","$154,500,468.00","$121,022,224.00","$46,056,527.00","$44,194,532.00","$802,560,933.00","$517,752,991.00","$49,903,423.00","$59,331,683.00","$682,473,823.00","$265,424,621.00","$94,888,730.00","$109,134,862.00","$217,989,343.00","$292,153,833.00","$52,413,444.00","$206,626,467.00","$238,963,767.00","$510,318,933.00","$158,612,024.00","$195,395,247.00","$243,449,963.00","$46,622,762.00","$71,155,073.00","$120,121,711.00","$41,409,301.00","$343,129,691.00","$127,689,674.00","$1,140,729,371.00","$430,725,576.00","$37,011,329.00","$577,542,546.00","$162,085,622.00","$145,951,242.00","$567,812,540.00","$50,810,547.00","$234,943,390.00","$57,027,773.00","$295,105,695.00","$1,367,579,292.00","$89,696,087.00","$34,509,182.00","$251,414,442.00","$242,701,346.00","$91,804,601.00","$216,069,361.00","$34,786,982.00"
State Children's Health Insurance Program,https://www.healthcare.gov/medicaid-chip/childrens-health-insurance-program/,HHS,"$457,272,000.00","$20,378,000.00","$123,658,000.00","$174,524,000.00","$1,995,222,000.00","$228,329,000.00","$61,880,000.00","$38,531,000.00","$25,629,000.00","$594,955,000.00","$418,168,000.00","$46,343,000.00","$66,420,000.00","$406,234,000.00","$165,657,000.00","$147,611,000.00","$112,201,000.00","$232,038,000.00","$238,943,000.00","$32,289,000.00","$290,765,000.00","$535,767,000.00","$592,609,000.00","$98,575,000.00","$246,726,000.00","$172,903,000.00","$95,823,000.00","$78,189,000.00","$63,304,000.00","$39,174,000.00","$406,770,000.00","$122,483,000.00","$1,074,559,000.00","$448,151,000.00","$21,240,000.00","$352,648,000.00","$189,238,000.00","$211,331,000.00","$365,076,000.00","$65,427,000.00","$162,037,000.00","$23,572,000.00","$213,273,000.00","$1,345,138,000.00","$148,911,000.00","$29,299,000.00","$265,185,000.00","$215,289,000.00","$65,439,000.00","$225,824,000.00","$10,917,000.00"
National School Lunch Program,https://www.fns.usda.gov/nslp,USDA,"$219,343,000.00","$35,419,000.00","$278,118,000.00","$134,994,000.00","$1,471,536,000.00","$134,305,000.00","$98,891,000.00","$36,358,000.00","$28,071,000.00","$821,088,000.00","$529,921,000.00","$45,191,000.00","$54,065,000.00","$462,430,000.00","$260,970,000.00","$107,955,000.00","$106,497,000.00","$222,013,000.00","$227,359,000.00","$34,497,000.00","$174,270,000.00","$189,451,000.00","$301,196,000.00","$165,375,000.00","$175,472,000.00","$210,185,000.00","$27,686,000.00","$69,791,000.00","$100,175,000.00","$23,032,000.00","$261,056,000.00","$100,977,000.00","$697,620,000.00","$380,892,000.00","$20,147,000.00","$362,160,000.00","$170,704,000.00","$117,760,000.00","$369,272,000.00","$30,893,000.00","$210,913,000.00","$31,132,000.00","$278,804,000.00","$1,444,300,000.00","$99,481,000.00","$15,358,000.00","$241,811,000.00","$201,584,000.00","$76,536,000.00","$170,789,000.00","$14,931,000.00"
Special Education Grants,https://www2.ed.gov/fund/grant/apply/osep/index.html,ED,"$185,979,742.00","$37,544,473.00","$203,647,415.00","$114,479,836.00","$1,251,509,026.00","$160,911,478.00","$136,095,761.00","$36,115,385.00","$18,327,735.00","$659,321,205.00","$342,114,770.00","$40,732,093.00","$58,005,840.00","$518,151,872.00","$264,899,312.00","$125,776,786.00","$109,746,957.00","$161,793,751.00","$193,084,998.00","$56,773,624.00","$204,738,940.00","$290,895,676.00","$409,856,211.00","$196,437,300.00","$126,423,874.00","$232,777,258.00","$39,037,996.00","$76,256,524.00","$75,030,369.00","$48,632,671.00","$370,455,121.00","$194,908,708.00","$777,387,531.00","$340,987,573.00","$36,898,146.00","$446,963,758.00","$152,045,029.00","$131,743,911.00","$436,302,376.00","$44,818,637.00","$174,981,336.00","$46,461,641.00","$243,342,101.00","$1,022,593,712.00","$114,313,148.00","$28,386,923.00","$290,899,808.00","$230,436,683.00","$77,835,286.00","$212,142,310.00","$30,552,629.00"
Section 8 Housing Assistance Payments Program,https://www.federalgrantswire.com/section-8-housing-assistance-payments-programspecial-allocations.html#.XiXb7r9OnOQ,HUD,"$105,166,471.00","$10,667,133.00","$57,043,720.00","$60,640,030.00","$1,095,750,018.00","$117,380,833.00","$240,435,648.00","$38,582,731.00","$139,979,294.00","$325,056,162.00","$207,302,005.00","$36,197,540.00","$21,551,970.00","$577,672,564.00","$179,819,032.00","$59,477,542.00","$58,767,316.00","$129,046,708.00","$98,216,735.00","$68,582,141.00","$223,678,897.00","$788,733,014.00","$331,668,364.00","$185,190,261.00","$114,726,005.00","$147,560,972.00","$20,721,705.00","$28,336,416.00","$21,786,564.00","$52,666,448.00","$516,325,128.00","$30,258,104.00","$1,408,700,000.00","$152,033,463.00","$11,372,193.00","$485,379,682.00","$75,421,958.00","$60,702,906.00","$429,812,058.00","$156,946,539.00","$127,661,708.00","$24,595,734.00","$172,583,229.00","$344,366,513.00","$27,284,469.00","$27,660,019.00","$228,720,630.00","$94,646,688.00","$62,780,166.00","$164,479,067.00","$12,407,645.00"
Federal Transit Formula Grants,https://www.transit.dot.gov/rural-formula-grants-5311,DOT,"$48,224,000.00","$33,048,000.00","$181,445,000.00","$41,284,000.00","$1,596,175,000.00","$153,922,000.00","$167,144,000.00","$35,253,000.00","$345,375,000.00","$296,826,000.00","$168,592,000.00","$6,521,000.00","$37,243,000.00","$665,084,000.00","$119,485,000.00","$58,156,000.00","$26,496,000.00","$69,044,000.00","$85,653,000.00","$51,010,000.00","$220,035,000.00","$566,673,000.00","$176,776,000.00","$76,481,000.00","$29,580,000.00","$97,769,000.00","$11,684,000.00","$25,446,000.00","$55,591,000.00","$14,669,000.00","$770,682,000.00","$39,814,000.00","$299,120,000.00","$90,229,000.00","$14,892,000.00","$222,568,000.00","$46,181,000.00","$113,268,000.00","$524,110,000.00","$26,786,000.00","$26,271,000.00","$15,798,000.00","$88,321,000.00","$434,390,000.00","$104,188,000.00","$26,249,000.00","$156,964,000.00","$264,325,000.00","$18,298,000.00","$114,621,000.00","$13,441,000.00"
Head Start,https://www.acf.hhs.gov/ohs,HHS,"$138,342,659.00","$47,340,666.00","$199,421,814.00","$92,697,747.00","$1,200,242,695.00","$172,072,623.00","$76,158,235.00","$11,434,785.00","$45,650,774.00","$399,740,214.00","$238,272,098.00","$29,896,148.00","$41,161,335.00","$371,806,665.00","$125,618,412.00","$65,445,831.00","$66,020,658.00","$149,869,079.00","$167,549,300.00","$36,797,239.00","$95,843,650.00","$154,097,995.00","$319,939,525.00","$119,066,495.00","$184,825,716.00","$162,752,305.00","$49,933,828.00","$56,385,370.00","$25,981,452.00","$17,691,391.00","$163,918,065.00","$83,579,234.00","$630,497,247.00","$230,710,654.00","$32,767,105.00","$344,002,607.00","$148,431,016.00","$136,355,820.00","$298,934,211.00","$29,760,333.00","$117,131,953.00","$43,579,885.00","$161,432,932.00","$691,648,948.00","$63,114,177.00","$18,673,824.00","$182,745,243.00","$185,682,699.00","$66,369,419.00","$138,770,605.00","$18,771,129.00"
"Supplemental Nutrition Program for Women, Infants, and Children",https://www.fns.usda.gov/wic,USDA,"$110,726,000.00","$24,579,000.00","$126,264,000.00","$69,722,000.00","$1,128,854,000.00","$76,029,000.00","$46,870,000.00","$16,156,000.00","$15,049,000.00","$369,903,000.00","$218,824,000.00","$32,427,000.00","$30,409,000.00","$228,504,000.00","$111,356,000.00","$44,907,000.00","$48,302,000.00","$98,220,000.00","$126,211,000.00","$18,223,000.00","$116,299,000.00","$83,451,000.00","$194,539,000.00","$102,073,000.00","$83,985,000.00","$92,870,000.00","$15,536,000.00","$33,063,000.00","$51,976,000.00","$11,521,000.00","$150,723,000.00","$45,670,000.00","$497,580,000.00","$203,600,000.00","$10,828,000.00","$160,016,000.00","$64,258,000.00","$77,785,000.00","$202,895,000.00","$18,364,000.00","$94,654,000.00","$18,641,000.00","$128,617,000.00","$530,495,000.00","$44,740,000.00","$13,591,000.00","$113,209,000.00","$149,191,000.00","$34,834,000.00","$88,759,000.00","$8,532,000.00"
Title IV-E Foster Care,https://www.acf.hhs.gov/cb/resource/title-iv-e-reviews-fact-sheet,HHS,"$11,111,295.00","$20,051,757.00","$154,248,243.00","$40,566,216.00","$1,327,713,848.00","$82,262,554.00","$64,458,110.00","$6,036,288.00","$46,395,403.00","$182,737,396.00","$87,827,583.00","$21,586,644.00","$11,210,634.00","$192,514,554.00","$109,791,925.00","$22,550,899.00","$27,590,212.00","$28,976,965.00","$35,526,694.00","$23,346,038.00","$60,606,942.00","$87,766,833.00","$112,017,932.00","$55,285,488.00","$23,993,996.00","$84,582,087.00","$11,552,507.00","$20,597,837.00","$50,998,704.00","$10,512,985.00","$88,267,146.00","$17,205,501.00","$312,685,259.00","$75,990,525.00","$13,687,613.00","$253,550,127.00","$64,039,738.00","$119,121,770.00","$165,566,842.00","$10,763,224.00","$52,788,642.00","$6,007,465.00","$42,769,956.00","$196,404,646.00","$25,195,875.00","$14,273,473.00","$59,163,394.00","$86,876,649.00","$48,016,698.00","$58,161,918.00","$2,818,566.00"
Health Care Centers,https://www.hrsa.gov/opa/eligibility-and-registration/health-centers/fqhc/index.html,HHS,"$76,252,531.00","$64,271,013.00","$78,356,580.00","$48,176,840.00","$595,808,808.00","$101,601,456.00","$56,312,777.00","$14,120,176.00","$26,667,214.00","$221,182,529.00","$104,440,174.00","$30,146,449.00","$43,395,994.00","$185,439,292.00","$65,959,746.00","$37,544,007.00","$39,045,360.00","$67,996,717.00","$86,862,549.00","$39,537,963.00","$59,082,224.00","$124,192,419.00","$115,932,474.00","$37,972,966.00","$69,160,638.00","$99,807,788.00","$38,793,385.00","$20,714,113.00","$20,144,281.00","$24,466,295.00","$78,549,911.00","$69,063,161.00","$244,628,342.00","$119,487,006.00","$9,145,028.00","$130,380,561.00","$52,085,980.00","$87,805,982.00","$116,277,037.00","$24,905,169.00","$80,447,823.00","$17,777,497.00","$80,307,481.00","$238,396,254.00","$35,387,205.00","$20,637,961.00","$81,261,095.00","$125,908,671.00","$63,723,293.00","$41,471,901.00","$8,572,527.00"
School Breakfast Program,https://www.fns.usda.gov/sbp/school-breakfast-program,USDA,"$78,780,000.00","$12,053,000.00","$93,091,000.00","$53,083,000.00","$503,354,000.00","$49,267,000.00","$30,634,000.00","$13,805,000.00","$11,318,000.00","$256,395,000.00","$191,256,000.00","$11,598,000.00","$19,375,000.00","$139,126,000.00","$78,399,000.00","$27,177,000.00","$31,271,000.00","$88,082,000.00","$79,253,000.00","$12,571,000.00","$70,118,000.00","$57,783,000.00","$109,900,000.00","$50,994,000.00","$64,091,000.00","$75,560,000.00","$9,177,000.00","$17,717,000.00","$35,695,000.00","$5,505,000.00","$95,779,000.00","$44,852,000.00","$220,054,000.00","$134,649,000.00","$5,300,000.00","$122,279,000.00","$61,272,000.00","$39,415,000.00","$110,896,000.00","$10,036,000.00","$80,698,000.00","$8,368,000.00","$110,632,000.00","$566,292,000.00","$22,057,000.00","$5,700,000.00","$82,496,000.00","$55,763,000.00","$40,251,000.00","$51,664,000.00","$3,850,000.00"
Rural Electrification Loans and Loan Guarantees,https://www.rd.usda.gov/programs-services/all-programs/electric-programs,USDA,"$111,161,000.00","$16,462,000.00","$39,135,000.00","$21,692,000.00","$23,826,000.00","$395,866,000.00",$0.00,$0.00,$0.00,"$89,004,000.00","$740,469,000.00",$0.00,$0.00,$0.00,"$20,732,000.00","$80,225,000.00","$53,818,000.00","$334,815,000.00",$0.00,$0.00,$0.00,$0.00,"$47,652,000.00","$78,631,000.00","$138,676,000.00","$83,277,759.00","$15,606,000.00",$0.00,$0.00,$0.00,$0.00,$0.00,$0.00,"$277,600,000.00","$65,975,000.00","$53,600,000.00","$41,207,000.00",$0.00,"$18,000,000.00",$0.00,"$302,421,000.00","$95,109,000.00","$17,000,000.00","$90,480,000.00",$0.00,$0.00,"$445,462,000.00","$30,782,000.00",$0.00,"$94,000,000.00",$0.00
Public and Indian Housing,https://www.hud.gov/program_offices/public_indian_housing,HUD,"$121,380,000.00","$8,679,000.00","$20,602,000.00","$32,142,000.00","$116,698,000.00","$26,979,000.00","$63,716,000.00","$10,996,000.00","$44,664,000.00","$119,396,000.00","$111,525,000.00","$24,041,000.00","$1,261,000.00","$240,899,000.00","$43,698,000.00","$6,192,000.00","$19,478,000.00","$54,621,000.00","$57,915,000.00","$13,809,000.00","$91,858,000.00","$147,191,000.00","$63,053,000.00","$45,936,000.00","$25,777,000.00","$40,630,000.00","$5,061,000.00","$13,944,000.00","$15,057,000.00","$11,164,000.00","$156,398,000.00","$10,538,000.00","$864,290,000.00","$109,548,000.00","$3,259,000.00","$169,618,000.00","$34,892,000.00","$18,714,000.00","$283,543,000.00","$32,658,000.00","$47,271,000.00","$2,743,000.00","$101,947,000.00","$150,441,000.00","$3,579,000.00","$3,472,000.00","$66,208,000.00","$45,835,000.00","$16,190,000.00","$18,525,000.00","$1,875,000.00"
Low Income Home Energy Assistance,https://www.acf.hhs.gov/ocs/programs/liheap,HHS,"$43,520,240.00","$17,502,723.00","$21,961,058.00","$27,865,516.00","$177,201,621.00","$49,021,093.00","$80,714,423.00","$12,577,088.00","$10,390,990.00","$68,915,812.00","$54,497,132.00","$5,488,162.00","$20,006,139.00","$166,338,155.00","$75,306,576.00","$53,375,506.00","$31,948,552.00","$46,728,640.00","$42,244,020.00","$38,899,683.00","$72,273,422.00","$148,816,832.00","$157,930,156.00","$113,774,946.00","$29,059,752.00","$73,321,900.00","$23,465,936.00","$29,369,995.00","$9,894,393.00","$26,408,240.00","$127,139,764.00","$17,999,041.00","$364,390,669.00","$86,724,574.00","$25,731,223.00","$147,150,960.00","$36,853,315.00","$35,704,456.00","$203,485,100.00","$26,009,725.00","$34,596,411.00","$20,462,890.00","$55,844,854.00","$114,671,046.00","$23,728,393.00","$18,987,983.00","$83,949,144.00","$58,728,879.00","$28,876,514.00","$102,413,788.00","$9,542,675.00"
Child and Adult Care Food Program,https://www.fns.usda.gov/cacfp/child-and-adult-care-food-program,USDA,"$52,539,000.00","$9,203,000.00","$51,169,000.00","$57,462,000.00","$429,089,000.00","$25,792,000.00","$18,032,000.00","$16,187,000.00","$8,663,000.00","$249,853,000.00","$119,258,000.00","$7,103,000.00","$7,731,000.00","$146,784,000.00","$56,735,000.00","$27,690,000.00","$33,199,000.00","$37,380,000.00","$99,968,000.00","$10,099,000.00","$56,678,000.00","$65,393,000.00","$68,388,000.00","$63,810,000.00","$43,299,000.00","$51,130,000.00","$10,928,000.00","$32,315,000.00","$10,284,000.00","$5,224,000.00","$79,319,000.00","$33,856,000.00","$266,965,000.00","$95,185,000.00","$10,934,000.00","$87,679,000.00","$57,903,000.00","$35,408,000.00","$113,446,000.00","$9,600,000.00","$33,066,000.00","$8,958,000.00","$69,526,000.00","$361,048,000.00","$28,381,000.00","$6,447,000.00","$46,230,000.00","$47,468,000.00","$16,217,000.00","$40,233,000.00","$4,930,000.00"
Vocational Rehabilitation Grants to the States,https://www2.ed.gov/programs/rsabvrs/index.html,ED,"$62,250,495.00","$10,393,765.00","$85,597,356.00","$46,998,379.00","$296,559,132.00","$42,317,015.00","$26,628,439.00","$12,465,455.00","$16,116,707.00","$166,759,973.00","$61,910,030.00","$13,379,742.00","$17,527,397.00","$112,743,914.00","$59,138,577.00","$30,840,851.00","$19,553,864.00","$55,555,504.00","$36,550,000.00","$16,797,381.00","$41,899,699.00","$55,204,631.00","$108,435,063.00","$51,909,354.00","$44,589,605.00","$67,534,887.00","$13,700,185.00","$20,390,205.00","$15,433,006.00","$10,829,085.00","$61,927,213.00","$24,815,546.00","$155,358,277.00","$101,429,636.00","$10,393,765.00","$107,875,343.00","$37,741,368.00","$51,293,087.00","$144,407,083.00","$12,910,845.00","$58,825,332.00","$10,393,765.00","$59,971,149.00","$243,139,628.00","$29,595,573.00","$11,990,345.00","$77,318,917.00","$55,616,244.00","$32,471,393.00","$65,053,321.00","$9,227,983.00"
Child Care Mandatory and Matching Funds,https://www.federalgrantswire.com/child-care-mandatory-and-matching-funds-of-the-child-care-and-development-fund.html#.XiXdPr9OnOQ,HHS,"$41,247,000.00","$7,850,000.00","$56,572,000.00","$21,327,000.00","$293,025,000.00","$38,671,000.00","$35,623,000.00","$9,814,000.00","$7,393,000.00","$133,897,000.00","$93,002,000.00","$12,159,000.00","$12,683,000.00","$123,961,000.00","$61,743,000.00","$24,971,000.00","$26,333,000.00","$39,634,000.00","$39,260,000.00","$8,704,000.00","$53,850,000.00","$75,850,000.00","$81,143,000.00","$52,561,000.00","$22,847,000.00","$56,117,000.00","$8,316,000.00","$21,356,000.00","$17,635,000.00","$10,372,000.00","$71,319,000.00","$19,767,000.00","$197,294,000.00","$121,360,000.00","$6,469,000.00","$128,975,000.00","$46,781,000.00","$38,761,000.00","$115,576,000.00","$11,341,000.00","$34,454,000.00","$6,586,000.00","$71,427,000.00","$222,678,000.00","$33,591,000.00","$6,603,000.00","$63,808,000.00","$78,400,000.00","$17,279,000.00","$53,692,000.00","$5,998,000.00"
Unemployment Insurance Administration,https://www.dol.gov/general/topic/unemployment-insurance,DOL,"$29,926,000.00","$24,727,000.00","$34,772,000.00","$20,673,000.00","$375,334,000.00","$37,844,000.00","$51,744,000.00","$9,835,000.00","$10,989,000.00","$92,718,000.00","$58,519,000.00","$15,864,000.00","$18,983,000.00","$158,078,000.00","$44,896,000.00","$29,445,000.00","$18,346,000.00","$28,783,000.00","$28,243,000.00","$14,269,000.00","$56,863,000.00","$64,940,000.00","$127,098,000.00","$46,450,000.00","$21,689,000.00","$36,981,000.00","$10,296,000.00","$15,440,000.00","$28,294,000.00","$13,944,000.00","$112,338,000.00","$15,188,000.00","$206,225,000.00","$59,754,000.00","$8,424,000.00","$87,545,000.00","$25,239,000.00","$55,779,000.00","$135,940,000.00","$15,039,000.00","$28,909,000.00","$5,993,000.00","$36,511,000.00","$135,628,000.00","$27,036,000.00","$8,590,000.00","$43,332,000.00","$92,408,000.00","$13,990,000.00","$63,527,000.00","$14,032,000.00"
Federal Transit - Capital Investment Grants,https://www.transit.dot.gov/CIG,DOT,"$137,000.00","$13,729,971.00","$10,982,234.00","$2,046,244.00","$635,418,619.00","$247,144,237.00","$4,100,000.00","$1,483,742.00",$0.00,"$142,106,474.00","$4,249,311.00","$1,744,000.00","$2,824,280.00","$209,207,504.00","$1,337,500.00","$9,049,069.00","$1,080,000.00",$0.00,"$5,775,890.00",$0.00,"$18,143,219.00","$2,928,913.00","$23,480,924.00","$2,911,920.00",$0.00,"$885,346.00","$1,032,050.00",$0.00,$0.00,$0.00,"$54,868,200.00","$4,138,050.00","$607,560,190.00","$176,691,614.00","$1,677,277.00","$40,878,500.00","$2,605,200.00","$102,064,145.00","$255,903,604.00","$510,350.00","$2,936,948.00","$2,686,000.00","$5,770,950.00","$17,448,332.00","$2,454,500.00","$584,400.00","$7,737,386.00","$31,610,379.00",$0.00,$0.00,"$1,000,000.00"
Child Care and Development Block Grant,https://www.acf.hhs.gov/occ/ccdf-reauthorization,HHS,"$50,468,000.00","$5,151,000.00","$68,258,000.00","$32,512,000.00","$303,730,000.00","$34,568,000.00","$17,428,000.00","$7,176,000.00","$4,377,000.00","$158,564,000.00","$114,452,000.00","$9,869,000.00","$16,250,000.00","$95,660,000.00","$63,181,000.00","$23,641,000.00","$25,461,000.00","$48,476,000.00","$48,228,000.00","$8,567,000.00","$33,757,000.00","$33,555,000.00","$83,473,000.00","$36,892,000.00","$37,942,000.00","$52,031,000.00","$7,827,000.00","$15,531,000.00","$24,415,000.00","$5,954,000.00","$48,936,000.00","$22,850,000.00","$123,273,000.00","$91,174,000.00","$4,484,000.00","$93,745,000.00","$39,423,000.00","$30,673,000.00","$80,442,000.00","$6,438,000.00","$48,030,000.00","$6,808,000.00","$62,216,000.00","$287,679,000.00","$31,913,000.00","$3,591,000.00","$53,214,000.00","$48,074,000.00","$17,027,000.00","$41,639,000.00","$3,541,000.00"
Adoption Assistance,https://www.childwelfare.gov/topics/adoption/adopt-assistance/,HHS,"$7,671,170.00","$18,846,073.00","$125,248,775.00","$21,413,396.00","$497,502,550.00","$15,657,501.00","$41,507,860.00","$1,883,763.00","$12,091,371.00","$165,355,084.00","$41,385,459.00","$14,755,187.00","$7,547,794.00","$79,787,829.00","$51,594,475.00","$46,523,146.00","$21,349,994.00","$38,312,775.00","$17,583,239.00","$16,278,617.00","$22,423,791.00","$22,767,575.00","$103,466,279.00","$27,511,307.00","$10,846,443.00","$43,972,816.00","$8,434,702.00","$25,740,207.00","$34,635,275.00","$3,141,020.00","$64,065,790.00","$18,942,497.00","$116,787,583.00","$52,259,459.00","$6,104,885.00","$154,409,281.00","$69,970,005.00","$51,299,298.00","$120,664,274.00","$7,272,794.00","$17,223,317.00","$4,068,515.00","$49,776,125.00","$126,703,881.00","$9,620,438.00","$9,109,704.00","$49,851,703.00","$39,864,241.00","$30,038,631.00","$47,724,609.00","$763,016.00"
Community Facilities Loans and Grants,https://www.rd.usda.gov/programs-services/community-facilities-direct-loan-grant-program,USDA,"$57,429,948.00","$822,069.00","$18,376,100.00","$48,081,600.00","$84,668,579.00","$38,129,458.00","$48,307,839.00","$18,085,480.00","$25,750,000.00","$6,309,050.00","$94,278,825.00","$25,028,486.00","$1,742,850.00","$15,065,200.00","$5,586,991.00","$183,812,224.00","$54,644,700.00","$177,938,772.00","$79,001,136.00","$23,420,050.00","$13,380,560.00","$16,383,906.00","$79,893,000.00","$60,836,493.00","$108,402,231.00","$52,943,326.00","$24,825,130.00","$36,823,096.00","$16,073,586.00","$38,859,173.00","$15,579,900.00","$450,440.00","$45,972,327.00","$169,295,665.00","$64,500,500.00","$72,272,563.00","$26,492,900.00","$2,262,022.00","$34,837,940.00","$5,634,005.00","$104,815,198.00","$41,635,670.00","$87,064,937.00","$72,560,601.00","$53,457,380.00","$12,643,300.00","$82,273,588.00","$38,033,528.00","$24,982,383.00","$18,412,834.00","$256,342.00"
Supporting Effective Instruction State Grants,https://oese.ed.gov/offices/office-of-formula-grants/school-support-and-accountability/improving-teacher-quality-state-grants/,ED,"$35,651,018.00","$10,640,022.00","$34,785,949.00","$21,631,379.00","$277,477,463.00","$24,963,497.00","$21,211,154.00","$10,640,020.00","$12,667,408.00","$101,017,766.00","$58,710,294.00","$10,640,020.00","$10,656,572.00","$98,039,040.00","$38,132,388.00","$17,558,833.00","$17,921,787.00","$35,229,997.00","$51,228,512.00","$10,640,018.00","$32,653,649.00","$41,181,292.00","$89,647,471.00","$30,679,537.00","$33,456,670.00","$38,745,684.00","$10,640,020.00","$10,913,258.00","$11,181,742.00","$10,640,020.00","$51,449,314.00","$17,762,636.00","$207,421,113.00","$48,028,542.00","$10,640,020.00","$84,330,019.00","$25,767,212.00","$21,691,343.00","$91,965,059.00","$10,640,020.00","$28,028,469.00","$10,640,020.00","$38,128,704.00","$183,532,901.00","$14,635,123.00","$10,640,019.00","$50,134,748.00","$36,823,489.00","$19,358,440.00","$37,088,674.00","$10,639,761.00"
Crime Victim Assistance,https://www.ovc.gov/about/victimsfund.html,DOJ,"$33,244,704.00","$5,476,300.00","$46,514,392.00","$20,570,144.00","$264,297,285.00","$37,271,902.00","$24,699,013.00","$6,874,658.00","$5,030,151.00","$137,108,287.00","$69,338,035.00","$10,147,586.00","$11,652,588.00","$87,163,624.00","$45,110,084.00","$21,551,984.00","$20,121,575.00","$30,320,735.00","$31,976,052.00","$9,458,354.00","$40,977,191.00","$46,287,672.00","$67,368,330.00","$37,494,424.00","$20,665,359.00","$41,497,921.00","$7,461,053.00","$13,278,442.00","$19,981,431.00","$9,466,979.00","$60,868,131.00","$14,551,569.00","$133,904,016.00","$68,178,534.00","$5,600,938.00","$78,762,963.00","$26,858,542.00","$27,651,313.00","$86,776,184.00","$7,618,402.00","$33,495,173.00","$6,285,230.00","$44,979,475.00","$185,614,610.00","$20,689,525.00","$4,718,903.00","$56,993,066.00","$48,821,061.00","$12,927,595.00","$39,393,093.00","$4,449,780.00"
Community Development Block Grants/Entitlement Grants,https://www.hudexchange.info/programs/cdbg-entitlement/,HUD,"$18,606,250.00","$1,606,172.00","$38,998,014.00","$7,082,834.00","$329,020,582.00","$25,282,054.00","$23,464,785.00","$4,353,853.00","$13,778,139.00","$107,967,091.00","$39,549,043.00","$12,205,032.00","$4,037,874.00","$122,994,870.00","$32,479,308.00","$11,537,173.00","$10,138,465.00","$15,898,471.00","$24,079,726.00","$5,705,352.00","$37,845,564.00","$61,816,381.00","$80,680,948.00","$30,945,912.00","$3,474,468.00","$36,474,230.00","$1,818,403.00","$6,580,657.00","$17,553,066.00","$3,292,828.00","$75,078,882.00","$6,016,885.00","$242,054,996.00","$27,713,901.00","$1,302,532.00","$96,173,347.00","$11,783,583.00","$19,614,587.00","$132,117,621.00","$10,208,726.00","$15,795,169.00","$1,255,829.00","$20,291,193.00","$155,604,467.00","$14,881,734.00","$724,881.00","$34,034,616.00","$40,136,072.00","$6,166,801.00","$32,025,125.00","$684,721.00"
Public Housing Capital Fund,https://www.hud.gov/hudprograms/phcapfund,HUD,"$58,683,000.00","$2,036,000.00","$20,030,000.00","$17,283,000.00","$74,369,000.00","$14,048,000.00","$24,669,000.00","$4,402,000.00","$14,356,000.00","$54,630,000.00","$60,348,000.00","$9,202,000.00","$1,009,000.00","$116,674,000.00","$23,684,000.00","$4,868,000.00","$11,180,000.00","$32,528,000.00","$38,698,000.00","$5,832,000.00","$29,587,000.00","$55,329,000.00","$34,933,000.00","$30,856,000.00","$16,475,000.00","$27,637,000.00","$2,866,000.00","$8,775,000.00","$5,811,000.00","$5,392,000.00","$65,785,000.00","$6,050,000.00","$378,730,000.00","$51,236,000.00","$2,405,000.00","$76,667,000.00","$15,936,000.00","$8,874,000.00","$119,163,000.00","$15,930,000.00","$21,804,000.00","$1,781,000.00","$51,813,000.00","$80,021,000.00","$2,884,000.00","$1,860,000.00","$35,204,000.00","$25,002,000.00","$8,379,000.00","$17,279,000.00","$2,179,000.00"
Block Grants for the Prevention and Treatment of Substance Abuse,https://www.samhsa.gov/grants/block-grants,HHS,"$23,089,486.00","$5,889,074.00","$40,187,732.00","$13,524,497.00","$254,414,759.00","$28,777,345.00","$18,212,225.00","$6,967,796.00","$6,967,796.00","$111,379,297.00","$57,152,217.00","$8,469,866.00","$8,535,838.00","$67,645,777.00","$32,246,086.00","$13,093,348.00","$11,899,663.00","$20,378,373.00","$25,026,431.00","$6,967,796.00","$34,079,985.00","$39,845,084.00","$56,052,853.00","$24,696,066.00","$13,803,562.00","$26,548,475.00","$6,967,796.00","$7,641,241.00","$16,890,047.00","$6,967,796.00","$48,064,193.00","$9,565,114.00","$111,830,061.00","$44,991,909.00","$6,533,547.00","$64,535,736.00","$17,149,341.00","$20,578,346.00","$59,100,201.00","$7,598,476.00","$23,717,773.00","$6,041,710.00","$31,978,247.00","$144,708,674.00","$16,588,581.00","$6,459,874.00","$41,979,903.00","$37,784,663.00","$8,432,680.00","$27,197,983.00","$4,197,559.00"
Water and Waste Disposal Systems for Rural Communities,https://www.rd.usda.gov/programs-services/water-waste-disposal-loan-grant-program,USDA,"$23,568,371.00","$37,246,303.00","$5,810,000.00","$31,542,488.00","$9,305,900.00","$4,713,000.00","$20,962,000.00","$10,125,000.00",$0.00,"$28,117,320.00","$45,239,000.00","$16,022,232.00","$25,803,107.00","$73,132,300.00","$85,042,100.00","$48,122,000.00","$14,919,000.00","$40,714,000.00","$34,811,664.00","$29,119,000.00","$14,431,000.00","$11,900,863.00","$64,744,000.00","$46,764,884.00","$46,818,559.00","$49,054,710.00","$47,063,800.00","$13,545,100.00","$20,567,589.00","$10,186,418.00","$17,202,000.00","$1,942,000.00","$27,407,230.00","$52,014,800.00","$15,339,320.00","$53,029,500.00","$36,202,125.00","$16,551,707.00","$54,938,900.00","$8,089,000.00","$73,616,300.00","$16,340,000.00","$35,351,979.00","$83,940,100.00","$9,048,346.00","$18,557,004.00","$50,954,000.00","$15,081,100.00","$29,892,248.00","$57,199,095.00","$6,299,000.00"
Social Services Block Grant,https://www.acf.hhs.gov/ocs/programs/ssbg,HHS,"$23,961,910.00","$3,640,366.00","$33,261,842.00","$14,657,526.00","$191,732,260.00","$26,464,591.00","$17,772,025.00","$4,623,088.00","$3,255,745.00","$98,297,450.00","$49,893,342.00","$7,014,384.00","$8,076,270.00","$63,645,969.00","$32,596,609.00","$15,353,039.00","$14,349,449.00","$21,807,927.00","$22,975,140.00","$6,572,282.00","$29,530,830.00","$33,330,644.00","$48,967,028.00","$26,965,173.00","$14,794,447.00","$29,961,617.00","$5,057,744.00","$9,296,948.00","$14,028,655.00","$6,556,094.00","$44,165,621.00","$10,305,301.00","$97,570,743.00","$49,135,460.00","$3,653,954.00","$57,289,481.00","$19,162,360.00","$19,617,883.00","$63,184,601.00","$5,213,857.00","$23,878,428.00","$4,215,738.00","$32,361,886.00","$133,200,657.00","$14,541,570.00","$3,095,990.00","$41,142,148.00","$34,892,677.00","$9,142,895.00","$28,449,475.00","$2,886,437.00"
Rural Rental Assistance Payments,https://www.rd.usda.gov/programs-services/multi-family-housing-rental-assistance,USDA,"$36,851,627.00","$6,793,849.00","$18,328,754.00","$26,379,177.00","$108,032,705.00","$15,606,894.00","$8,724,349.00","$8,061,135.00",$0.00,"$67,680,847.00","$37,076,211.00","$10,974,656.00","$19,218,044.00","$29,827,867.00","$22,801,371.00","$27,775,283.00","$13,273,592.00","$26,275,377.00","$46,649,945.00","$39,012,468.00","$18,789,398.00","$12,584,769.00","$36,440,499.00","$22,747,230.00","$52,413,632.00","$26,658,886.00","$8,409,590.00","$8,413,614.00","$10,766,261.00","$14,488,592.00","$12,184,584.00","$18,504,354.00","$32,075,984.00","$87,950,922.00","$6,937,457.00","$30,971,857.00","$22,317,611.00","$28,022,225.00","$33,889,200.00","$3,569,557.00","$38,247,800.00","$16,441,467.00","$33,291,146.00","$59,375,232.00","$9,137,509.00","$11,110,509.00","$32,692,454.00","$35,857,764.00","$16,840,276.00","$17,410,595.00","$6,091,574.00"
Business and Industry Loans,https://www.rd.usda.gov/programs-services/business-industry-loan-guarantees,USDA,"$18,597,000.00","$19,430,000.00","$25,695,000.00","$2,499,000.00","$35,379,000.00","$37,691,000.00","$2,224,000.00","$1,856,000.00",$0.00,"$102,991,000.00","$47,457,000.00","$6,486,000.00","$40,138,000.00","$432,000.00","$10,498,000.00","$46,278,000.00","$14,997,000.00","$18,064,000.00","$68,627,000.00","$4,880,000.00","$430,000.00",$0.00,"$31,965,000.00","$27,483,000.00","$12,248,000.00","$46,533,000.00","$10,500,000.00","$31,223,000.00","$27,990,000.00","$5,000,000.00",$0.00,"$14,123,000.00","$18,613,000.00","$41,927,000.00","$18,088,000.00","$44,707,000.00","$29,400,000.00","$86,287,000.00","$26,410,000.00",$0.00,"$47,279,000.00","$50,897,000.00","$20,642,000.00","$48,356,000.00","$23,741,000.00","$12,000,000.00","$46,492,000.00","$20,180,000.00","$6,340,000.00","$16,942,000.00","$109,000.00"
Career and Technical Education - Basic Grants to States,https://www2.ed.gov/about/offices/list/ovae/pi/cte/index.html,ED,"$19,175,065.00","$4,214,921.00","$25,508,411.00","$11,389,791.00","$119,693,808.00","$16,094,229.00","$9,493,026.00","$4,632,078.00","$4,160,433.00","$62,643,494.00","$38,590,316.00","$5,496,906.00","$6,394,303.00","$40,259,027.00","$25,005,195.00","$11,963,946.00","$10,239,910.00","$17,905,647.00","$21,041,701.00","$5,484,372.00","$15,177,222.00","$17,802,672.00","$37,154,147.00","$16,684,637.00","$13,363,550.00","$21,324,789.00","$5,165,733.00","$6,816,893.00","$9,767,368.00","$5,496,906.00","$22,375,964.00","$8,074,607.00","$51,322,979.00","$36,069,243.00","$4,214,921.00","$42,750,001.00","$15,094,180.00","$13,546,508.00","$40,722,778.00","$5,496,906.00","$18,402,725.00","$4,216,063.00","$23,156,626.00","$92,298,374.00","$12,555,265.00","$4,004,816.00","$23,974,781.00","$20,522,876.00","$8,428,617.00","$20,241,685.00","$4,199,852.00"
Homeland Security Grant Program,https://www.dhs.gov/homeland-security-grant-program-hsgp,DHS,"$4,708,211.00","$4,427,695.00","$23,888,566.00","$3,734,500.00","$190,718,235.00","$6,665,023.00","$3,969,338.00","$3,734,500.00","$57,404,711.00","$18,170,265.00","$12,135,844.00","$3,734,500.00","$3,729,280.00","$84,775,583.00","$3,872,674.00","$3,627,108.00","$3,720,675.00","$3,978,000.00","$3,979,774.00","$4,147,357.00","$9,104,643.00","$21,099,793.00","$12,594,385.00","$9,575,284.00","$1,786,919.00","$6,864,978.00","$4,444,188.00","$3,330,325.00","$6,696,500.00","$2,134,746.00","$28,888,000.00","$6,434,500.00","$257,229,105.00","$8,444,852.00","$4,160,189.00","$10,750,859.00","$4,416,037.00","$6,799,000.00","$30,994,986.00","$3,661,609.00","$3,707,751.00","$3,734,500.00","$3,963,744.00","$78,181,414.00","$3,734,500.00","$3,981,689.00","$7,445,500.00","$13,015,974.00","$3,613,665.00","$3,967,570.00","$3,625,255.00"
WIOA Dislocated Worker Formula Grants,https://www.dol.gov/agencies/eta/dislocated-workers,DOL,"$15,302,706.00","$2,299,690.00","$23,270,847.00","$8,041,251.00","$165,674,751.00","$13,477,656.00","$13,789,355.00","$2,198,084.00","$3,625,845.00","$62,577,792.00","$36,999,252.00","$1,934,001.00","$2,608,337.00","$57,705,690.00","$17,603,041.00","$4,356,027.00","$4,692,230.00","$16,048,106.00","$9,703,302.00","$3,554,242.00","$17,790,548.00","$21,039,342.00","$39,655,269.00","$8,243,923.00","$11,219,513.00","$18,347,631.00","$1,681,408.00","$1,986,165.00","$13,512,393.00","$2,330,007.00","$34,884,621.00","$6,664,680.00","$68,276,319.00","$31,732,286.00","$594,331.00","$33,400,311.00","$5,866,582.00","$13,807,125.00","$37,223,657.00","$5,473,951.00","$13,142,450.00","$893,873.00","$21,862,291.00","$55,008,304.00","$2,990,434.00","$823,490.00","$17,647,332.00","$20,083,489.00","$5,068,810.00","$15,595,810.00","$733,198.00"
Home Investment Partnerships Program,https://www.hud.gov/program_offices/comm_planning/affordablehousing/programs/home/,HUD,"$13,345,170.00","$3,568,935.00","$14,796,836.00","$7,957,142.00","$107,650,376.00","$14,055,437.00","$17,036,983.00","$4,850,048.00","$3,730,426.00","$39,999,122.00","$26,511,522.00","$3,016,838.00","$4,079,225.00","$40,194,840.00","$18,239,537.00","$8,803,935.00","$7,539,153.00","$13,169,215.00","$10,756,587.00","$4,482,845.00","$16,046,131.00","$27,070,238.00","$37,639,261.00","$9,711,957.00","$7,114,918.00","$14,177,750.00","$7,320,575.00","$4,597,362.00","$3,200,326.00","$1,031,190.00","$29,651,651.00","$5,317,900.00","$113,500,081.00","$23,858,222.00","$3,379,722.00","$33,472,005.00","$9,528,291.00","$13,984,612.00","$61,971,119.00","$732,518.00","$11,187,573.00","$3,380,713.00","$17,420,167.00","$63,830,217.00","$6,140,693.00","$3,407,339.00","$20,013,587.00","$18,607,152.00","$7,824,173.00","$16,942,630.00",$0.00
State Community Development Block Grant,https://www.hud.gov/program_offices/comm_planning/communitydevelopment/programs,HUD,"$21,904,212.00","$2,592,884.00","$10,578,395.00","$16,412,081.00","$27,834,660.00","$8,517,211.00","$12,162,864.00","$2,063,710.00",$0.00,"$24,108,644.00","$37,464,404.00",$0.00,"$7,561,311.00","$26,552,917.00","$28,353,870.00","$21,688,760.00","$13,771,304.00","$23,319,211.00","$19,892,244.00","$10,789,352.00","$7,205,995.00","$29,771,920.00","$30,766,406.00","$16,995,275.00","$23,315,139.00","$20,789,141.00","$5,791,383.00","$9,944,180.00","$2,434,790.00","$8,099,926.00","$6,227,296.00","$10,477,460.00","$45,961,285.00","$43,901,389.00","$3,665,003.00","$41,292,727.00","$12,828,337.00","$12,055,779.00","$37,464,741.00","$4,974,585.00","$18,871,096.00","$5,190,066.00","$25,265,266.00","$60,979,766.00","$4,614,650.00","$6,418,887.00","$16,811,481.00","$11,319,386.00","$12,520,351.00","$24,713,128.00","$2,797,710.00"
WIOA Youth Activities,https://www.dol.gov/agencies/eta/youth/wioa-formula,DOL,"$13,242,811.00","$2,443,616.00","$20,668,458.00","$7,839,730.00","$128,788,366.00","$11,182,905.00","$10,313,963.00","$2,139,306.00","$3,064,227.00","$49,787,759.00","$30,301,333.00","$2,139,306.00","$3,012,381.00","$40,003,397.00","$17,064,726.00","$5,089,743.00","$5,166,437.00","$12,961,737.00","$12,548,488.00","$3,208,693.00","$14,375,433.00","$15,629,525.00","$29,709,018.00","$8,629,664.00","$10,193,683.00","$16,472,508.00","$2,437,697.00","$2,311,700.00","$9,540,579.00","$2,139,306.00","$24,898,651.00","$5,917,399.00","$54,033,982.00","$25,235,370.00","$2,380,801.00","$28,162,375.00","$6,572,387.00","$11,441,241.00","$29,627,611.00","$3,879,607.00","$14,636,640.00","$2,560,341.00","$18,853,852.00","$51,888,988.00","$3,693,166.00","$2,139,306.00","$15,728,252.00","$19,035,891.00","$5,349,299.00","$13,319,468.00","$2,173,191.00"
WIOA Adult Activities,https://www.doleta.gov/wioa/,DOL,"$11,443,717.00","$2,042,848.00","$19,243,532.00","$7,675,668.00","$121,608,341.00","$11,378,260.00","$9,324,007.00","$1,770,206.00","$2,302,707.00","$45,525,701.00","$26,942,539.00","$2,046,448.00","$3,127,913.00","$41,165,194.00","$15,035,918.00","$3,346,560.00","$4,670,775.00","$14,467,424.00","$9,611,637.00","$3,053,723.00","$12,206,067.00","$15,263,770.00","$29,838,284.00","$8,050,163.00","$9,238,109.00","$14,094,483.00","$3,065,280.00","$2,028,448.00","$9,292,490.00","$2,028,449.00","$23,672,436.00","$5,792,559.00","$53,205,992.00","$26,122,876.00","$2,768,409.00","$27,613,880.00","$6,934,601.00","$10,554,128.00","$29,235,262.00","$3,700,958.00","$11,940,454.00","$3,113,924.00","$17,905,239.00","$54,245,856.00","$3,405,634.00","$2,028,449.00","$13,198,828.00","$16,336,037.00","$4,399,686.00","$12,773,738.00","$2,028,449.00"
Employment Service/Wagner-Peyser Funded Activities,https://www.doleta.gov/performance/results/wagner-peyser_act-PY2002-PY2005.cfm,DOL,"$9,474,618.00","$7,660,792.00","$13,836,152.00","$5,802,992.00","$86,004,109.00","$12,415,523.00","$10,687,323.00","$2,194,506.00","$2,387,682.00","$40,550,461.00","$21,035,343.00","$2,625,025.00","$8,982,337.00","$29,145,545.00","$13,638,225.00","$6,617,617.00","$6,255,330.00","$8,998,639.00","$9,710,427.00","$3,980,773.00","$16,054,682.00","$17,077,361.00","$21,949,650.00","$19,884,589.00","$6,095,961.00","$12,976,484.00","$5,327,132.00","$5,884,898.00","$6,627,492.00","$3,029,576.00","$20,108,765.00","$5,989,058.00","$40,562,897.00","$20,575,679.00","$5,406,353.00","$24,641,120.00","$7,326,874.00","$8,717,268.00","$27,298,958.00","$2,354,472.00","$9,987,777.00","$4,948,881.00","$13,253,132.00","$51,106,438.00","$6,720,115.00","$2,499,791.00","$16,963,579.00","$14,981,703.00","$5,746,074.00","$12,546,854.00","$3,947,029.00"
Community Services Block Grant,https://www.acf.hhs.gov/ocs/programs/csbg,HHS,"$13,132,186.00","$3,756,915.00","$7,268,890.00","$9,677,776.00","$63,858,548.00","$6,189,433.00","$8,980,715.00","$3,756,915.00","$13,693,414.00","$20,684,329.00","$19,545,166.00","$3,756,915.00","$3,756,915.00","$33,621,110.00","$10,363,229.00","$7,702,858.00","$6,209,380.00","$12,398,813.00","$16,708,755.00","$3,756,915.00","$9,766,001.00","$18,040,327.00","$26,366,171.00","$8,964,764.00","$11,320,148.00","$19,694,885.00","$3,756,915.00","$4,961,048.00","$3,756,915.00","$3,756,915.00","$19,498,072.00","$4,099,540.00","$62,172,172.00","$18,948,352.00","$4,201,979.00","$27,743,863.00","$9,500,910.00","$5,700,794.00","$30,532,767.00","$3,963,409.00","$10,946,881.00","$3,711,851.00","$14,021,238.00","$34,272,629.00","$3,671,408.00","$3,756,915.00","$11,394,801.00","$8,957,923.00","$7,967,538.00","$8,659,777.00","$3,756,915.00"
"Special Programs for the Aging, Title III, Part C, Nutrition Services",https://acl.gov/programs/health-wellness/nutrition-services,HHS,"$10,105,139.00","$3,348,608.00","$14,206,264.00","$6,292,232.00","$68,705,000.00","$9,654,267.00","$7,813,313.00","$3,348,608.00","$3,348,608.00","$48,838,753.00","$17,449,824.00","$3,348,608.00","$3,348,608.00","$25,682,336.00","$12,953,006.00","$7,348,435.00","$6,027,061.00","$9,003,690.00","$8,800,307.00","$3,359,823.00","$11,378,627.00","$14,501,087.00","$21,061,620.00","$10,778,522.00","$5,890,047.00","$12,776,802.00","$3,348,608.00","$4,002,880.00","$5,505,841.00","$3,348,608.00","$18,269,345.00","$4,277,275.00","$42,395,149.00","$19,931,291.00","$3,348,608.00","$24,784,836.00","$7,682,138.00","$8,760,086.00","$31,087,029.00","$3,348,608.00","$10,370,870.00","$3,348,608.00","$13,443,155.00","$43,239,708.00","$4,097,715.00","$3,348,608.00","$15,799,296.00","$13,844,851.00","$4,833,321.00","$12,041,031.00","$3,348,608.00"
Cooperative Extension Service,https://www.usda.gov/topics/rural/cooperative-research-and-extension-services,USDA,"$17,919,631.00","$2,052,057.00","$4,008,024.00","$12,286,135.00","$10,269,362.00","$4,627,804.00","$2,955,944.00","$5,396,564.00","$1,330,170.00","$11,380,343.00","$16,766,228.00","$1,782,215.00","$3,632,748.00","$12,157,605.00","$12,108,563.00","$10,634,540.00","$9,829,440.00","$15,907,820.00","$10,864,490.00","$3,304,179.00","$6,295,082.00","$3,829,442.00","$13,449,830.00","$13,627,154.00","$13,165,497.00","$16,919,473.00","$5,173,200.00","$6,783,433.00","$1,856,403.00","$2,146,012.00","$4,048,850.00","$3,357,238.00","$14,463,963.00","$22,579,619.00","$4,829,855.00","$18,566,953.00","$11,182,915.00","$4,795,544.00","$17,167,885.00","$1,701,595.00","$7,577,008.00","$4,783,752.00","$16,701,163.00","$26,246,745.00","$3,143,707.00","$2,399,454.00","$13,597,841.00","$6,812,636.00","$9,191,218.00","$10,947,369.00","$2,224,339.00"
Native American Employment and Training,https://www.dol.gov/general/topic/training/indianprograms,DOL,"$353,807.00","$61,192.00","$12,879,028.00","$292,392.00","$5,892,810.00","$715,383.00",$0.00,$0.00,$0.00,"$1,162,176.00",$0.00,"$2,975,236.00",$0.00,$0.00,"$215,748.00",$0.00,"$192,881.00",$0.00,"$447,515.00","$195,717.00",$0.00,"$244,468.00","$801,625.00","$726,310.00","$328,911.00","$659,560.00","$974,103.00","$363,635.00","$464,361.00",$0.00,$0.00,"$2,405,715.00","$470,929.00","$1,379,585.00","$605,373.00","$465,666.00","$1,968,769.00","$428,043.00","$856,953.00","$1,603,439.00","$227,565.00","$1,754,952.00","$212,625.00","$1,778,983.00","$498,832.00","$74,480.00","$231,352.00","$1,863,823.00",$0.00,"$719,840.00",$0.00
Low Income Housing Tax Credit,https://www.huduser.gov/portal/datasets/lihtc.html,Other,"$130,397,849.00","$19,837,908.00","$182,854,319.00","$79,988,990.00","$1,049,246,700.00","$146,246,773.00","$96,608,038.00","$25,378,917.00","$18,084,085.00","$544,847,436.00","$274,177,716.00","$38,341,477.00","$44,336,136.00","$345,749,925.00","$177,702,069.00","$83,828,917.00","$78,111,673.00","$118,871,079.00","$125,568,687.00","$35,692,772.00","$161,303,474.00","$182,632,278.00","$266,614,285.00","$147,397,108.00","$80,248,960.00","$163,241,059.00","$27,642,600.00","$50,901,649.00","$77,500,605.00","$35,755,863.00","$240,857,362.00","$55,974,169.00","$532,771,774.00","$269,936,799.00","$20,291,666.00","$311,986,242.00","$104,954,471.00","$107,970,134.00","$343,843,308.00","$28,384,499.00","$131,515,175.00","$22,957,682.00","$177,167,935.00","$738,025,583.00","$80,238,745.00","$16,786,224.00","$224,910,402.00","$192,277,754.00","$49,455,511.00","$154,829,976.00","$15,755,242.00"
New Markets Tax Credit,https://www.cdfifund.gov/programs-training/Programs/new-markets-tax-credit/Pages/default.aspx,Other,"$40,538,271.00","$19,303,912.00","$51,526,915.00","$36,983,325.00","$318,063,783.00","$39,015,874.00","$30,132,572.00","$8,247,129.00","$68,759,290.00","$93,548,237.00","$70,010,958.00","$10,996,454.00","$11,447,505.00","$119,058,045.00","$36,380,590.00","$27,824,677.00","$15,055,248.00","$60,411,982.00","$188,444,385.00","$31,520,659.00","$71,123,446.00","$149,291,822.00","$89,604,153.00","$93,197,746.00","$72,883,767.00","$145,762,885.00","$20,005,608.00","$21,369,081.00","$13,827,564.00","$17,386,550.00","$89,732,950.00","$21,487,543.00","$235,191,338.00","$73,069,690.00","$4,972,469.00","$192,238,646.00","$60,096,062.00","$73,585,481.00","$150,902,471.00","$31,134,845.00","$62,966,426.00","$10,063,235.00","$44,884,912.00","$134,602,277.00","$25,069,091.00","$18,198,107.00","$52,602,882.00","$96,604,859.00","$10,801,669.00","$138,983,897.00","$1,088,718.00"
HUBZones Program,https://www.sba.gov/federal-contracting/contracting-assistance-programs/hubzone-program,Other,"$250,116,414.00","$149,424,034.00","$103,013,059.00","$9,438,982.00","$973,260,759.00","$44,242,526.00","$1,699,693.00","$4,300,586.00","$484,270,915.00","$324,873,259.00","$282,651,988.00","$120,598,094.00","$100,870,320.00","$80,601,547.00","$22,735,979.00","$17,222,084.00","$23,993,527.00","$109,671,262.00","$165,783,870.00","$6,793,941.00","$494,222,213.00","$83,611,270.00","$128,195,162.00","$11,474,721.00","$66,706,437.00","$50,537,077.00","$26,596,631.00","$29,591,055.00","$36,841,343.00","$28,954,774.00","$28,859,798.00","$115,337,795.00","$161,038,674.00","$157,474,572.00","$6,432,182.00","$101,688,596.00","$358,166,765.00","$68,986,542.00","$59,686,559.00","$8,386,691.00","$142,628,102.00","$20,926,497.00","$147,927,369.00","$395,004,040.00","$19,057,333.00","$4,765,207.00","$829,013,730.00","$42,030,701.00","$10,486,455.00","$28,570,584.00","$7,600,637.00"