Program,url,Department,Alabama,Alaska,Arizona,Arkansas,California,Colorado,Connecticut,Delaware,District of Columbia,Florida,Georgia,Hawaii,Idaho,Illinois,Indiana,Iowa,Kansas,Kentucky,Louisiana,Maine,Maryland,Massachusetts,Michigan,Minnesota,Mississippi,Missouri,Montana,Nebraska,Nevada,New Hampshire,New Jersey,New Mexico,New York,North Carolina,North Dakota,Ohio,Oklahoma,Oregon,Pennsylvania,Rhode Island,South Carolina,South Dakota,Tennessee,Texas,Utah,Vermont,Virginia,Washington,West Virginia,Wisconsin,Wyoming
Medicare,https://www.medicare.gov/index,HHS,11403472000,1309136000,12818195000,7519024000,70224300000,8469833000,9573113000,3086554000,1496988000,50316897000,18896507000,1973222000,3083396000,29473293000,15786163000,7432112000,6889284000,11307893000,10961058000,3677806000,16589482000,18644742000,24378648000,10972242000,8675676000,14079028000,2362159000,4568962000,5594515000,3754903000,24725920000,3809972000,46124363000,22298142000,1730010000,25753117000,10090932000,6853548000,29656325000,2108042000,12489181000,2207298000,14541615000,50065391000,3678147000,1871316000,17629955000,13045323000,5336523000,11363404000,1402873000
Medicaid,https://www.medicaid.gov/,HHS,4068128000,1437360000,9168872000,5233552000,52251053000,4738243000,4581203000,1400746000,2175606000,14627654000,7251905000,1609715000,1372954000,9949814000,8370623000,2673861000,1954836000,7583709000,7939911000,1777811000,7065053000,9978555000,12568266000,6930019000,4227454000,6678010000,1482366000,1145760000,2775335000,1297338000,9399266000,3858465000,38531701000,9411458000,817678000,16478815000,2983507000,6513327000,17742316000,1664801000,4466748000,531828000,6298350000,21078511000,1807476000,1040439000,4811942000,7997273000,3277360000,5033472000,343345000
Other programs,NA,Other,2268880000,789141000,2336150000,1458025000,19628199000,2765116000,1828386000,490521000,1240445000,7639454000,5607829000,940596000,1033920000,5742508000,2818186000,1369225000,1004258000,2218238000,2929850000,969790000,3349293000,4199391000,4349744000,3525539000,1638124000,3195191000,659232000,732696000,1082036000,739014000,5424167000,870070000,18501896000,4735111000,603575000,5202237000,2448898000,2259889000,5431814000,643939000,2431446000,677524000,3287892000,9203441000,1709305000,521090000,4294092000,3445340000,931149000,2645635000,501764000
Supplemental Nutrition Assistance Program (SNAP),https://www.fns.usda.gov/snap/supplemental-nutrition-assistance-program,USDA,1161156000,191442000,1335235000,510832000,6732719000,701946000,653087000,210706000,200333000,4783367000,2540245000,479722000,233882000,2930325000,955393000,482469000,318489000,943689000,1440111000,234406000,987124000,1159028000,2069173000,601821000,742935000,1116216000,172036000,241772000,625063000,112556000,1115683000,669640000,4737482000,2142987000,77843000,2226190000,879725000,1009078000,2673354000,267091000,1066151000,140613000,1586711000,5805152000,286289000,112950000,1115537000,1363775000,481165000,877506000,46792000
National Highway Performance Program,https://www.federalgrantswire.com/highway-planning-and-construction.html,DOT,462169000,292452000,417616000,312720000,1950907000,301765000,280756000,96498000,91541000,1155630000,753767000,97341000,168474000,801973000,558505000,296877000,227479000,402467000,426068000,106929000,334541000,330986000,600165000,381605000,292247000,569841000,244249000,171952000,202635000,95023000,545692000,219840000,909590000,611466000,146452000,764081000,384909000,295843000,944204000,128025000,405696000,166242000,498256000,2172810000,205434000,117183000,592279000,392900000,261275000,447064000,151497000
Children's Health Insurance Program (CHIP),https://www.healthcare.gov/medicaid-chip/childrens-health-insurance-program/,HHS,319667000,32562000,206434000,194356000,2668626000,254391000,77405000,35252000,42469000,686575000,404760000,52297000,82890000,547395000,191065000,145720000,124659000,268215000,358807000,35722000,295919000,671336000,264782000,115190000,316825000,175197000,103532000,72490000,69978000,38242000,462889000,136040000,1233546000,479489000,21887000,409310000,248980000,249774000,527349000,72828000,154192000,26939000,464951000,1382120000,131563000,30244000,291082000,242501000,61048000,224461000,12647000
Title I Grants to Local Education Agencies,https://www2.ed.gov/programs/titleiparta/index.html,ED,249622000,42679000,347779000,162430000,1824443000,151549000,129075000,50634000,47177000,852319000,537330000,53452000,58319000,675047000,264297000,96944000,107349000,230230000,314807000,53749000,229558000,243162000,503276000,162901000,199342000,250521000,47679000,74826000,129758000,43015000,363036000,119120000,1201705000,448755000,36835000,554604000,168312000,151710000,618405000,52978000,242153000,46747000,305247000,1415074000,86809000,35185000,257972000,227571000,96100000,208137000,35432000
Surface Transportation Block Grant,https://www.fhwa.dot.gov/fastact/factsheets/stbgfs.cfm,DOT,230785000,146537000,209619000,156260000,985159000,151610000,141167000,48439000,45929000,577011000,377658000,48827000,84350000,402936000,279736000,148343000,113697000,201061000,212815000,53608000,168268000,166779000,301281000,191157000,146026000,284816000,122186000,86023000,101901000,47666000,274900000,109927000,458553000,306256000,73316000,383566000,192261000,148063000,473619000,64130000,202671000,83227000,249441000,1088266000,102819000,58764000,296820000,196968000,130659000,223678000,75826000
National School Lunch Program,https://www.fns.usda.gov/nslp,USDA,213223000,37614000,280487000,136253000,1488068000,135289000,102165000,36914000,28629000,798792000,522360000,44460000,52159000,461574000,262964000,109610000,106596000,227751000,245691000,34253000,170451000,196383000,302224000,168471000,173640000,211583000,28573000,73929000,105493000,22405000,260809000,101502000,710259000,387928000,21048000,371291000,172130000,115457000,388784000,31255000,204145000,30005000,287158000,1433344000,100787000,15934000,250944000,199762000,80680000,169020000,15072000
Special Education Basic State Grant,https://www2.ed.gov/fund/grant/apply/osep/index.html,ED,186897000,37928000,203992000,115121000,1244686000,163893000,136887000,36910000,18979000,661854000,348784000,40937000,57817000,517935000,266220000,125729000,109821000,162608000,193979000,56334000,205906000,292303000,410878000,195226000,123244000,233913000,38680000,76901000,77503000,48863000,372199000,93806000,781122000,346717000,30637000,449177000,152753000,132497000,438457000,45028000,182139000,36497000,244625000,1037782000,116539000,29534000,292497000,227074000,77414000,214087000,30982000
Head Start,https://www.acf.hhs.gov/ohs,HHS,141099000,17506000,157736000,92445000,1210418000,110072000,65590000,20398000,31914000,373041000,231759000,28431000,34862000,360265000,143191000,69878000,75272000,162763000,185949000,38146000,102715000,144474000,330108000,107292000,206712000,169331000,33966000,51443000,38867000,19648000,168841000,69113000,555545000,209945000,22224000,345844000,118344000,96695000,317665000,31405000,116002000,25972000,162676000,626118000,68432000,20595000,137754000,151504000,66718000,135610000,20178000
Supplemental Feeding Program (WIC),https://www.fns.usda.gov/wic,USDA,104672000,21429000,118191000,65314000,1065996000,71581000,43810000,14529000,12228000,347891000,204400000,28357000,28445000,214802000,104930000,42352000,43308000,92590000,116619000,17124000,107738000,77793000,182232000,93354000,78519000,87706000,14471000,30981000,48678000,9987000,142179000,35787000,467432000,186324000,10166000,150563000,60442000,72846000,191508000,17201000,88645000,14859000,116736000,501349000,42453000,12774000,92205000,137930000,31770000,83418000,7396000
School Breakfast Program,https://www.fns.usda.gov/sbp/school-breakfast-program,USDA,78442000,12969000,94252000,53842000,512652000,49278000,31924000,14278000,11486000,252265000,189875000,11094000,18520000,139007000,80111000,27397000,31837000,91637000,86102000,12683000,67405000,63125000,113040000,52968000,64507000,77251000,9808000,18901000,42572000,5322000,95617000,43698000,232434000,138891000,5525000,126538000,61377000,38695000,118520000,10285000,77948000,7901000,114656000,558932000,22789000,6313000,90839000,55503000,42846000,52203000,3973000
Consolidated Health Centers,https://www.hrsa.gov/opa/eligibility-and-registration/health-centers/fqhc/index.html,HHS,80310000,71808000,78823000,52495000,627794000,100490000,56633000,13915000,24558000,227746000,115392000,29691000,44928000,194484000,70847000,38796000,40837000,73837000,94649000,41170000,54050000,120912000,120862000,40189000,73133000,104078000,41029000,21175000,20799000,24002000,78976000,71355000,255714000,131481000,10783000,139459000,54004000,89450000,121125000,26475000,83803000,16971000,81788000,252786000,38317000,22631000,84229000,130715000,66492000,43258000,8350000
Vocational Rehabilitation Basic State Grant,https://www2.ed.gov/programs/rsabvrs/index.html,ED,65201000,10711000,72822000,40560000,313323000,38999000,22244000,10958000,14977000,184999000,100000000,12944000,18814000,112059000,70816000,30817000,27815000,53299000,34327000,16628000,43856000,50396000,110553000,50053000,42782000,67397000,12135000,18665000,16381000,10801000,61751000,24975000,155365000,110157000,10404000,104755000,41741000,44917000,131563000,10936000,63659000,10904000,59043000,278589000,32356000,11061000,71643000,58727000,26955000,62801000,10404000
Foster Care,https://www.acf.hhs.gov/cb/resource/title-iv-e-reviews-fact-sheet,HHS,54461000,25580000,169443000,38400000,1509183000,77916000,71503000,7843000,42469000,223841000,87295000,18512000,12016000,198697000,64220000,18552000,22666000,51611000,34910000,17986000,68848000,134767000,124327000,53344000,26783000,74837000,19044000,19411000,48836000,12633000,93137000,20873000,486191000,98865000,12601000,221682000,57083000,100926000,230720000,13286000,44354000,6876000,58767000,207520000,29247000,15238000,67728000,101079000,48577000,73152000,3908000
Child Care & Development Block Grant,https://www.acf.hhs.gov/occ/ccdf-reauthorization,HHS,53212000,5331000,71548000,33627000,305025000,35389000,18404000,7674000,4614000,168393000,119099000,10254000,16762000,99949000,64662000,24584000,25907000,51660000,50191000,9058000,36159000,35601000,84094000,38301000,39442000,53776000,8062000,15608000,25644000,5950000,51269000,24267000,128773000,96486000,4453000,96109000,39418000,32418000,84195000,6599000,50746000,7205000,66924000,292750000,33287000,3698000,55372000,48937000,18028000,42824000,3545000
Public Housing Operating Fund,https://www.hud.gov/program_offices/public_indian_housing/programs/ph/am,HUD,121755000,8294000,19463000,31782000,104977000,26274000,63342000,11035000,50104000,116428000,105517000,23420000,1207000,249136000,42276000,5990000,19010000,53361000,55099000,13160000,82511000,143539000,62645000,44663000,40011000,25093000,5118000,13432000,14398000,10849000,148515000,11058000,894873000,103603000,2996000,169618000,35330000,18627000,279236000,32610000,46670000,2638000,98201000,145820000,3407000,3156000,64770000,47462000,16121000,16830000,1728000
Highway Safety Improvement Program,https://safety.fhwa.dot.gov/hsip/,DOT,46077000,31005000,43159000,30491000,198774000,29832000,29537000,9460000,8915000,118158000,74726000,9553000,16663000,77467000,53817000,27176000,18751000,40499000,42652000,10478000,34408000,33879000,58162000,35794000,28568000,56964000,24883000,15214000,21130000,9298000,56179000,22493000,93629000,60485000,12219000,75077000,36896000,29505000,97043000,12926000,40226000,15686000,49871000,220004000,20872000,11734000,60483000,38988000,26756000,43226000,15507000
Low Income Home Energy Assistance,https://www.acf.hhs.gov/ocs/programs/liheap,HHS,44674000,10260000,20745000,26819000,170668000,51041000,78712000,12036000,10382000,71099000,56224000,5143000,19019000,167396000,75785000,53715000,33561000,48634000,42462000,37749000,74051000,147124000,157861000,114498000,29686000,73618000,19347000,29345000,10208000,28546000,120142000,17637000,366508000,84228000,19357000,148087000,32963000,35283000,209107000,25290000,35693000,17378000,58666000,118304000,23481000,18972000,83571000,56971000,28852000,103065000,9221000
Adoption Assistance,https://www.childwelfare.gov/topics/adoption/adopt-assistance/,HHS,11070000,21892000,133747000,22840000,513040000,16478000,44135000,1918000,10296000,152928000,43099000,15717000,7671000,80063000,62663000,38268000,17934000,54271000,17911000,17352000,20658000,29869000,114946000,31635000,12471000,37365000,8179000,17890000,33546000,3121000,73765000,21039000,116998000,63978000,6723000,157961000,66977000,42765000,104476000,7057000,19400000,4608000,51775000,143120000,9980000,33669000,53612000,44227000,40834000,48460000,833000
Child Care Entitlement Mandatory & Matching,https://www.acf.hhs.gov/occ/resource/fiscal-year-2018-federal-child-care-and-related-appropriations,HHS,41115000,7860000,56524000,21271000,292553000,38788000,35357000,9804000,7479000,135024000,92993000,12229000,12668000,123203000,61630000,25039000,26216000,39591000,39276000,8653000,53791000,75738000,80806000,52618000,22715000,56052000,8347000,21405000,17777000,10311000,70988000,19606000,196982000,121198000,6616000,128706000,46930000,38890000,115339000,11302000,34542000,6634000,71448000,224538000,33673000,6571000,63771000,78680000,17257000,53535000,6035000
Supporting Effective Instruction,https://oese.ed.gov/offices/office-of-formula-grants/school-support-and-accountability/improving-teacher-quality-state-grants/,ED,32659000,9723000,32533000,19793000,227942000,22891000,19220000,9723000,9723000,93387000,54637000,9723000,9723000,83324000,35024000,15970000,16319000,32080000,46287000,9723000,29723000,37194000,80737000,27847000,30285000,35319000,9723000,9960000,10596000,9723000,46803000,16134000,166391000,45512000,9723000,76400000,23620000,19863000,83200000,9723000,25899000,9723000,35119000,169159000,13514000,9723000,36724000,33521000,17342000,33504000,9723000
Unemployment Insurance State Administration,https://www.dol.gov/general/topic/unemployment-insurance,DOL,28834000,24305000,32725000,19347000,363582000,36839000,54196000,8650000,10493000,86854000,56449000,13527000,23092000,152577000,39190000,25502000,17680000,27512000,26379000,12708000,53543000,61159000,117114000,43078000,23238000,39101000,8786000,13724000,24123000,11477000,107956000,13679000,175873000,53531000,13689000,78856000,21539000,47787000,121041000,13539000,26837000,5014000,34065000,134772000,24328000,10576000,40412000,81182000,13392000,58494000,8610000
Public Housing Capital Fund,https://www.hud.gov/hudprograms/phcapfund,HUD,58103000,2020000,7505000,17322000,63345000,11126000,24009000,4628000,14117000,49314000,59154000,9139000,1305000,110901000,23314000,6585000,11359000,33827000,37975000,6187000,24213000,54610000,31837000,29815000,16375000,27119000,2721000,9979000,4076000,5172000,64748000,5922000,395487000,46431000,2773000,71379000,15918000,8760000,115255000,13761000,26002000,2281000,52415000,73562000,2688000,1906000,31398000,23222000,8431000,18191000,976000
Crime Victims Fund - Assistance,https://www.ovc.gov/about/victimsfund.html,DOJ,27566000,4629000,39074000,17131000,218943000,31336000,20404000,5799000,4291000,115217000,57882000,8451000,9867000,71746000,37416000,17946000,16680000,25194000,26555000,7910000,33984000,38410000,55755000,31221000,17134000,34410000,6302000,11114000,16863000,7929000,50280000,12082000,110391000,56971000,4718000,65139000,22336000,23282000,71650000,6379000,28111000,5317000,37517000,155567000,17481000,3976000,47315000,41061000,10691000,32661000,3759000
Community Development Block Grant - Nonentitlement (States),https://www.hud.gov/hudprograms/nonentitlement,HUD,21398000,2629000,10488000,15947000,27489000,9128000,12105000,2015000,0,24176000,36910000,3674000,7461000,26586000,27892000,21528000,13650000,22871000,19678000,10606000,7114000,29757000,30967000,16714000,22802000,20328000,5720000,9789000,3264000,8023000,6169000,10345000,45611000,43391000,3674000,40771000,12618000,11978000,37006000,5004000,18505000,5160000,24977000,59551000,4868000,6283000,16543000,11373000,12289000,24392000,2787000
Social Services Block Grant,https://www.acf.hhs.gov/ocs/programs/ssbg,HHS,23792000,3616000,33434000,14583000,191676000,26719000,17583000,4632000,3292000,99260000,50018000,7010000,8104000,62970000,32414000,15296000,14257000,21668000,22871000,6509000,29411000,33270000,48587000,26880000,14652000,29789000,5058000,9285000,14155000,6515000,43864000,10210000,96932000,49176000,3706000,56866000,19152000,19728000,62689000,5172000,23974000,4204000,32319000,134505000,14670000,3065000,41048000,35110000,9030000,28260000,2870000
National Highway Freight Program,https://ops.fhwa.dot.gov/freight/pol_plng_finance/policy/fastact/s1116nhfpguidance/,DOT,21087000,13930000,20255000,14401000,101026000,14775000,13887000,4671000,4403000,52295000,35816000,4671000,7937000,39199000,26445000,13660000,10492000,18472000,19466000,5100000,16576000,16697000,29093000,18070000,13450000,26274000,11400000,8020000,10042000,4567000,27515000,10203000,46144000,28943000,6881000,37083000,17627000,13847000,45425000,6051000,18599000,7821000,23448000,102692000,9600000,5605000,28187000,18714000,12148000,20870000,7105000
Substance Abuse Prevention & Treatment Block Grant,https://www.samhsa.gov/grants/block-grants/sabg,HHS,23090000,5889000,40188000,13525000,254418000,28778000,18212000,6968000,6968000,111381000,57153000,8516000,8536000,67647000,32246000,13094000,11900000,20379000,25027000,6968000,34080000,39846000,56054000,24696000,13804000,26549000,6968000,7641000,16890000,6968000,48065000,9565000,111831000,44992000,6534000,64536000,17150000,20579000,59101000,7599000,23718000,6042000,31979000,144710000,16589000,6460000,41980000,37785000,8433000,27198000,4198000
Urbanized Area Formula,https://www.transit.dot.gov/funding/grants/urbanized-area-formula-grants-5307,DOT,24149000,16881000,78100000,13191000,815735000,77104000,98007000,20393000,22264000,260738000,94707000,31538000,10339000,274054000,57775000,21171000,17837000,26065000,35863000,12597000,165891000,206025000,88003000,63545000,8458000,49351000,4492000,11526000,43161000,8611000,402039000,24404000,658537000,71443000,5204000,107295000,18311000,57156000,183563000,28269000,26087000,4167000,50500000,299620000,50169000,2588000,131823000,145781000,9408000,50414000,2214000
Congestion Mitigation & Air Quality,https://www.fhwa.dot.gov/environment/air_quality/cmaq/,DOT,11541000,27840000,52483000,12458000,469488000,42790000,44757000,11798000,10220000,13756000,68741000,10480000,12963000,111379000,47665000,11427000,9627000,13859000,11580000,10417000,54322000,64160000,74869000,32602000,11350000,23846000,15061000,10408000,32949000,10470000,105307000,11546000,185330000,51850000,10643000,96873000,11892000,19627000,105720000,10552000,13252000,12410000,37474000,178823000,13070000,11984000,55560000,37383000,14490000,27717000,10542000
Nonurbanized Area Formula,https://www.transit.dot.gov/regulations-and-guidance/legislation/arra/non-urbanized-area-formula-section-5311,DOT,15847000,8394000,12091000,12407000,27817000,11524000,3007000,1742000,0,16144000,21858000,2682000,7949000,16780000,16305000,12526000,11314000,17170000,11713000,7113000,5656000,3714000,21398000,15864000,14374000,17988000,10325000,7892000,6324000,4051000,3912000,10614000,20989000,27340000,5263000,23665000,15159000,12422000,22134000,563000,13112000,6545000,19006000,42258000,6461000,3813000,15043000,12848000,7906000,16079000,6459000
Language Acquisition Grants,https://www2.ed.gov/programs/sfgp/index.html,ED,3888000,1276000,14269000,3568000,149996000,9402000,6475000,1202000,1166000,43908000,15380000,3828000,2134000,25938000,8622000,4143000,4491000,3807000,3368000,744000,10352000,14685000,11692000,9434000,1514000,4993000,500000,3229000,6773000,1020000,19662000,4673000,59665000,14668000,592000,10630000,5340000,7167000,15407000,1961000,4253000,901000,5975000,112250000,4227000,500000,12743000,16569000,613000,7285000,500000
Wildlife Restoration,https://wsfrprograms.fws.gov/subpages/grantprograms/wr/wr.htm,DOI,15665000,31463000,17340000,11766000,21084000,15822000,3146000,3146000,0,9460000,17722000,3146000,13524000,11597000,8784000,9828000,12828000,10811000,12283000,6458000,3416000,3146000,19680000,19179000,10450000,16474000,19105000,10989000,12192000,3146000,3146000,13961000,15823000,16216000,9664000,11669000,15163000,14606000,23395000,3146000,7189000,11888000,17966000,31463000,12700000,3146000,9336000,10208000,6620000,19028000,12083000
21st Century Community Learning Centers,https://www2.ed.gov/programs/21stcclc/index.html,ED,18306000,5839000,25352000,11887000,136586000,11634000,9564000,5839000,5839000,63476000,40344000,5839000,5839000,51796000,19767000,7339000,8549000,16467000,22397000,5839000,17197000,17908000,36276000,12778000,13658000,18366000,5839000,5839000,9382000,5839000,26643000,8587000,88465000,33213000,5839000,44356000,12387000,11238000,44516000,5839000,18714000,5839000,23525000,106732000,6860000,5839000,20507000,17668000,6815000,16816000,5839000
Community Services Block Grant,https://www.acf.hhs.gov/ocs/programs/csbg,HHS,12926000,2610000,5760000,9592000,62895000,6127000,8495000,3675000,11590000,20502000,18975000,3675000,3635000,33322000,10271000,7634000,5758000,11892000,16329000,3699000,9679000,17479000,25896000,8489000,11220000,19520000,3377000,4917000,3675000,3675000,19325000,3868000,61223000,18514000,3319000,27497000,8246000,5625000,29865000,3899000,10839000,2977000,13897000,33936000,3591000,3672000,11294000,8359000,7897000,8583000,3442000
Community Service Employment for Older Americans,https://www.doleta.gov/seniors/,DOL,7187000,1689000,5189000,7510000,32632000,3922000,4258000,1689000,2232000,22883000,8600000,1689000,1908000,15094000,10154000,4967000,3851000,7354000,6931000,2393000,5335000,8753000,12464000,9235000,5146000,9380000,2419000,2890000,1937000,1908000,10961000,2291000,25629000,10148000,2465000,16915000,5834000,5703000,20932000,2064000,5284000,2765000,7922000,21836000,2587000,2129000,8238000,5717000,4361000,9855000,1908000
"Maternal, Infant, and Early Childhood Home Visiting Program",https://mchb.hrsa.gov/maternal-child-health-initiatives/home-visiting-overview,HHS,6593000,1704000,10847000,7107000,22024000,8723000,10556000,5166000,3124000,10850000,9479000,3510000,2936000,8619000,12435000,7914000,5602000,7019000,11340000,5944000,7451000,6802000,7907000,8583000,3053000,3957000,4281000,1264000,1870000,2959000,14497000,3542000,9160000,3263000,3028000,7492000,8307000,8387000,11704000,7124000,8321000,1010000,9856000,17095000,3147000,1360000,7587000,13961000,5763000,10184000,1631000
Community Development Block Grant - Entitlement (Locals),https://www.hudexchange.info/programs/cdbg-entitlement/,HUD,18355000,1613000,39518000,7080000,329399000,25120000,23471000,4342000,13794000,109559000,39472000,8572000,4010000,123188000,32389000,11625000,9881000,15792000,24065000,5651000,38293000,61297000,80276000,31009000,3539000,36390000,1820000,6684000,17259000,3323000,71783000,6109000,240038000,27723000,1337000,95976000,11782000,19854000,131949000,10228000,15774000,1311000,20311000,156133000,14750000,720000,34355000,40033000,6197000,31979000,705000
WIOA - Youth Activities,https://www.dol.gov/agencies/eta/youth/wioa-formula,DOL,15936000,2750000,21927000,7020000,122708000,10014000,10850000,2129000,3049000,47191000,27498000,2129000,2637000,45263000,15281000,5042000,4626000,13006000,15937000,2873000,13352000,13965000,26604000,8630000,10649000,14751000,2129000,2433000,9913000,2129000,22296000,7484000,49406000,28747000,2129000,30130000,7802000,10245000,32265000,3583000,13933000,2129000,16935000,58290000,3324000,2129000,14084000,18561000,6248000,11985000,2129000
Payments in Lieu of Taxes (PILT),https://www.doi.gov/pilt,DOI,716000,29695000,36024000,7015000,48262000,36618000,32000,80000,22000,5584000,2642000,360000,30055000,1315000,600000,508000,1219000,2550000,1050000,328000,111000,105000,4645000,1922000,2130000,4036000,31786000,1185000,26185000,1899000,114000,38525000,147000,4483000,1624000,696000,3303000,19654000,1132000,0,719000,6585000,2371000,5310000,39500000,1066000,3996000,21312000,3206000,3521000,28606000
WIOA - Dislocated Workers,https://www.dol.gov/agencies/eta/dislocated-workers,DOL,20979000,3692000,25220000,6946000,151914000,11035000,15910000,2104000,4870000,58255000,36286000,1758000,2136000,68248000,15279000,4495000,4509000,13849000,15576000,2910000,16638000,17227000,32469000,7682000,13861000,15350000,1694000,2359000,15103000,1908000,34753000,10267000,55904000,32747000,881000,29804000,6955000,12662000,42289000,4482000,16833000,959000,20727000,49097000,3927000,797000,15174000,29054000,8138000,12770000,958000
Maternal & Child Health Block Grant,https://mchb.hrsa.gov/maternal-child-health-initiatives/title-v-maternal-and-child-health-services-block-grant-program,HHS,11265000,1057000,7242000,6884000,39114000,7383000,4620000,1913000,6890000,19067000,16928000,1978000,3253000,20927000,12141000,6458000,4730000,10963000,11934000,3311000,11673000,10825000,18726000,9039000,9171000,12107000,2277000,3986000,2084000,1989000,11461000,4060000,37672000,17222000,1726000,21788000,6956000,6130000,23481000,1624000,11409000,2147000,11715000,33822000,6127000,1584000,12129000,8835000,6056000,10747000,1086000
HOME Investment Partnerships - Nonentitlement (States),https://www.hudexchange.info/programs/home/,HUD,8096000,3017000,4090000,6703000,30690000,4519000,6621000,3017000,0,13269000,15237000,3017000,3571000,11459000,10002000,5443000,4408000,9335000,6898000,3100000,4156000,6932000,11962000,5850000,6882000,8581000,3017000,3017000,3017000,3017000,3540000,3554000,18593000,12430000,3017000,16806000,5653000,6366000,14304000,3017000,4407000,3017000,9582000,23199000,3017000,3017000,7132000,4319000,3534000,7943000,3520000
WIOA - Adult Training,https://www.doleta.gov/wioa/,DOL,15399000,2572000,20673000,6692000,117465000,9286000,9999000,2018000,2797000,47011000,26342000,2018000,2449000,42456000,13857000,3621000,3832000,13297000,15196000,2610000,12391000,12458000,24353000,7226000,10146000,13746000,2018000,2018000,9643000,2018000,21542000,7159000,47853000,27433000,2018000,27953000,7504000,9805000,29376000,3066000,13414000,2018000,16454000,55508000,2791000,2018000,13096000,17334000,6200000,10320000,2018000
Extension Service Smith Lever,https://nifa.usda.gov/history,USDA,7144000,1193000,2039000,5996000,8011000,3237000,2230000,1347000,1204000,4803000,8144000,1390000,2858000,9794000,9213000,9635000,5646000,9398000,5252000,2423000,3440000,2746000,9263000,9077000,7052000,9136000,2740000,5122000,1204000,1773000,2737000,2141000,8519000,11899000,3438000,11306000,5808000,3905000,10665000,1138000,5853000,3697000,8953000,13313000,1757000,1898000,7435000,4414000,4255000,9167000,1646000
"Secure Rural Schools (SRS), Forest Service Payments",https://www.fs.usda.gov/main/pts/securepayments/projectedpayments,USDA,1572000,9384000,10616000,5793000,28366000,11648000,0,0,0,2304000,1358000,0,23447000,280000,222000,0,0,1495000,1556000,63000,0,0,3241000,8319000,4764000,3238000,15120000,138000,3431000,446000,0,9370000,18000,1578000,0,233000,852000,49548000,2521000,0,1561000,1388000,960000,2051000,9288000,277000,1394000,16133000,1697000,1534000,4803000
Career and Technical Education State Grants,https://www2.ed.gov/about/offices/list/ovae/pi/cte/index.html,ED,19175000,4215000,25914000,11404000,113605000,16162000,9418000,4701000,4215000,63209000,39179000,5470000,6470000,39174000,24509000,11964000,10245000,17906000,21042000,5470000,15480000,17710000,35955000,16685000,13364000,21401000,5121000,6817000,9777000,5470000,22029000,8017000,51362000,36896000,4215000,42750000,15094000,13331000,40723000,5470000,18461000,4215000,23235000,93666000,12868000,4215000,24254000,20158000,8429000,20242000,4215000
Adult Education Basic Grant,https://www2.ed.gov/programs/adultedbasic/index.html,ED,8987000,944000,11690000,5261000,79809000,6218000,4436000,1535000,1048000,31695000,16762000,1785000,2170000,17555000,9477000,3333000,3538000,7997000,8695000,1636000,7655000,8219000,12100000,5007000,5926000,8348000,1166000,2207000,5327000,1395000,11853000,4042000,33466000,16328000,947000,14574000,6075000,5320000,16384000,1834000,8148000,1186000,10891000,53929000,2986000,868000,10954000,8235000,3393000,6138000,827000
Employment Service State Grants,https://www2.ed.gov/programs/rsasupemp/index.html,ED,9027000,7242000,12979000,5218000,78970000,10469000,7613000,1861000,2015000,38312000,19771000,2380000,6034000,27568000,12752000,6179000,5510000,8243000,9073000,3588000,12195000,13482000,20282000,10917000,5541000,12085000,4931000,5271000,6059000,2612000,18686000,5534000,38225000,19332000,5021000,23079000,7090000,8066000,26109000,2371000,9245000,4641000,12465000,50422000,6014000,2174000,15801000,14769000,5312000,11757000,3601000
Special Education Infants & Toddlers,https://www2.ed.gov/programs/osepeip/index.html,ED,6349000,2248000,9377000,4141000,54603000,7310000,4029000,2248000,2248000,23982000,14234000,2248000,2462000,16997000,9139000,4313000,4292000,6083000,6822000,2248000,7990000,7972000,12456000,7675000,4172000,8169000,2248000,2859000,3849000,2248000,11438000,2916000,25888000,13161000,2248000,15172000,5856000,5032000,15547000,2248000,6288000,2248000,8771000,43378000,5515000,2248000,11232000,9766000,2262000,7358000,2248000
Mental Health Block Grant,https://www.samhsa.gov/grants/block-grants,HHS,7766000,1130000,12915000,4814000,74183000,8845000,5598000,1610000,1223000,36710000,17623000,2983000,2574000,20529000,9533000,4279000,4026000,6960000,6530000,2142000,9130000,10638000,16507000,7977000,4884000,8951000,1633000,2469000,5699000,1916000,14781000,3254000,33141000,15155000,940000,16793000,5792000,7274000,18763000,1961000,7918000,1144000,10892000,43472000,4196000,956000,11878000,12580000,3052000,8733000,642000
Emergency Management Performance Grants,https://www.fema.gov/emergency-management-performance-grant-program,DHS,5749000,3102000,7077000,4545000,27838000,6184000,4922000,3237000,3063000,15866000,9248000,3543000,3706000,10848000,6886000,4639000,4493000,5475000,5632000,3480000,6490000,7001000,9003000,6171000,4545000,6539000,3295000,3850000,4514000,3482000,8371000,3962000,15309000,9143000,3112000,10086000,5145000,5255000,10837000,3304000,5812000,3181000,6898000,20523000,4585000,3026000,8029000,7307000,3801000,6337000,3001000
Child Nutrition - Summer Food Service Program,https://www.fns.usda.gov/sfsp/summer-food-service-program,USDA,9158000,1580000,2878000,4325000,21668000,4797000,4785000,2102000,2422000,41571000,16415000,685000,4258000,14028000,9121000,4462000,4689000,9041000,8162000,2417000,10517000,8105000,11657000,10021000,7456000,14901000,2148000,2929000,1888000,1324000,11681000,5972000,62494000,14464000,898000,12527000,4912000,6317000,14684000,1558000,9717000,1706000,10230000,37866000,1216000,1340000,10584000,5599000,1867000,7844000,952000
Coop State Research Hatch Act,https://nifa.usda.gov/program/hatch-act-1887,USDA,5055000,1256000,2521000,4275000,6823000,3648000,2249000,1628000,895000,3867000,6113000,1631000,2723000,6855000,6348000,7556000,4358000,6547000,3902000,2382000,3083000,2705000,6455000,6317000,4899000,6138000,2752000,4285000,1552000,1860000,3336000,2073000,6938000,7974000,2977000,7585000,4066000,3772000,7625000,1541000,4363000,3140000,6030000,8620000,2328000,1850000,5215000,4606000,3278000,6462000,1996000
Special Education Preschool Grants,https://www2.ed.gov/programs/oseppsg/index.html,ED,5438000,1222000,5168000,5209000,36945000,4786000,4763000,1215000,230000,17918000,9548000,954000,2123000,17118000,8641000,3876000,4208000,9918000,6280000,2441000,6465000,9606000,12150000,7213000,4118000,5792000,1143000,2187000,2173000,1513000,11048000,3096000,32772000,10995000,768000,12092000,3514000,3725000,13533000,1623000,6934000,1423000,6709000,22019000,3443000,821000,8863000,7932000,3383000,9198000,1018000
Administration on Aging Congregate Meals,https://acl.gov/programs/health-wellness/nutrition-services,HHS,6654000,2229000,9497000,4122000,45731000,6454000,5189000,2229000,2229000,32559000,11633000,2229000,2229000,17114000,8533000,5031000,4049000,5929000,5825000,2229000,7536000,9682000,13877000,7138000,3857000,8382000,2229000,2711000,3691000,2229000,12069000,2828000,28674000,13228000,2229000,16230000,5030000,5824000,21067000,2229000,6914000,2229000,8880000,28861000,2742000,2229000,10482000,9241000,3273000,7958000,2229000
National Motor Carrier Safety Assistance Program,https://cms8.fmcsa.dot.gov/grants/mcsap-basic-incentive-grant/motor-carrier-safety-assistance-program-mcsap-grant,DOT,5733000,1204000,10886000,4076000,18131000,4626000,2384000,1128000,961000,12248000,9750000,1017000,2431000,11204000,7216000,4774000,4476000,4664000,4399000,1615000,3813000,4210000,8365000,6114000,3796000,6748000,3003000,3479000,2443000,1236000,6531000,3690000,12491000,8426000,2772000,9543000,5574000,0,9712000,1274000,4589000,2171000,6420000,29855000,2868000,1131000,6450000,6421000,2101000,6145000,1361000
Railway Highway Crossings,https://safety.fhwa.dot.gov/hsip/xings/,DOT,4738000,1150000,2757000,3893000,15727000,3347000,1332000,1150000,1150000,8903000,8150000,1150000,1861000,10710000,7590000,5465000,6261000,3752000,4194000,1279000,2374000,2513000,7825000,6163000,3564000,5689000,1972000,3692000,1150000,1150000,3820000,1678000,6380000,6746000,3884000,8933000,5425000,3023000,6771000,1150000,4380000,2592000,4911000,18895000,1715000,1150000,4637000,4211000,1971000,5928000,1150000
State Homeland Security Grant Program,https://www.dhs.gov/homeland-security-grant-program-hsgp,DHS,3752000,3752000,4551000,3752000,60160000,3963000,3962000,3752000,4125000,11024000,6790000,3752000,3752000,16392000,3962000,3752000,3752000,3962000,3962000,3752000,6137000,5628000,6641000,3962000,3752000,3962000,3752000,3752000,3752000,3752000,8337000,3752000,76930000,5472000,3752000,7681000,3752000,3822000,10038000,3752000,3752000,3752000,3962000,21481000,3752000,3752000,7429000,6476000,3752000,3962000,3752000
State Assessments,https://www2.ed.gov/programs/eag/index.html,ED,6105000,3514000,7602000,4987000,28498000,6566000,5192000,3577000,3299000,14660000,10144000,3836000,4243000,11313000,7452000,5051000,5010000,5837000,6101000,3732000,6789000,6925000,9240000,6612000,5056000,6910000,3635000,4314000,4903000,3758000,8649000,4396000,14659000,9533000,3467000,10389000,5682000,5443000,10578000,3593000,6105000,3586000,7224000,23364000,5580000,3339000,8248000,7532000,4058000,6670000,3389000
Administration on Aging Support Services,https://acl.gov/about-acl/administration-aging,HHS,5287000,1736000,6936000,3425000,33831000,4714000,4309000,1736000,1736000,24716000,8496000,1736000,1736000,14211000,6778000,4169000,3359000,4639000,4692000,1736000,5731000,8032000,11012000,5381000,3202000,6964000,1736000,2245000,2696000,1736000,10041000,2066000,23758000,9662000,1736000,13518000,4186000,4253000,17493000,1736000,5050000,1736000,6614000,21079000,2003000,1736000,7695000,6750000,2714000,6252000,1736000
Nonpoint Source (Sec. 319),https://www.epa.gov/nps/319-grant-program-states-and-territories,EPA,3134000,1947000,2624000,3141000,8521000,2020000,1561000,1146000,998000,6256000,3732000,1232000,1974000,6576000,3585000,3655000,2952000,2735000,3887000,1873000,2130000,2164000,4671000,5516000,3066000,3693000,2115000,2912000,1358000,1220000,2662000,1953000,5430000,3716000,3859000,4851000,2528000,2213000,4699000,1082000,2494000,2614000,2545000,7575000,1467000,1182000,3143000,3068000,1761000,4135000,1558000
English Literacy and Civics Education State Grants,https://www2.ed.gov/programs/adultedbasic/funding.html,ED,255000,104000,1206000,188000,14000000,799000,807000,146000,198000,7697000,1726000,435000,159000,2624000,538000,284000,333000,353000,281000,95000,1674000,2020000,1204000,944000,108000,443000,60000,287000,729000,154000,3573000,237000,9425000,1146000,76000,976000,306000,532000,1624000,242000,292000,76000,574000,6180000,404000,60000,1927000,1565000,60000,431000,60000
State & Community Highway Safety,https://www.nhtsa.gov/highway-safety-grants-program,DOT,4077000,1873000,4432000,3073000,23083000,4020000,2254000,1873000,1873000,11995000,7123000,1873000,1873000,9088000,4921000,3316000,3591000,3517000,3354000,1873000,3602000,4086000,7145000,4895000,2726000,5163000,1873000,2363000,2105000,1873000,5344000,2121000,12188000,6724000,1873000,8052000,3674000,3149000,8644000,1873000,3620000,1873000,4836000,18213000,2174000,1873000,5436000,4819000,1873000,4764000,1873000
Emergency Food Assistance Commodities,https://www.fns.usda.gov/tefap/tefap-fact-sheet,USDA,5484000,666000,7377000,3050000,39603000,3897000,3082000,783000,823000,19647000,10657000,927000,1444000,13057000,6116000,2435000,2366000,4780000,5510000,1071000,4550000,5437000,9608000,3911000,3763000,5566000,918000,1385000,3020000,748000,7114000,2547000,18959000,10315000,507000,10972000,3667000,3953000,11455000,1020000,5065000,641000,6557000,25900000,2127000,420000,6180000,6597000,2023000,4819000,485000
Bus and Bus Facilities Formula Grants,https://www.transit.dot.gov/bus-program,DOT,4017000,2302000,9033000,2988000,65091000,8301000,5514000,2625000,1745000,24636000,8929000,5002000,2746000,16968000,6238000,3650000,3417000,4303000,5068000,2149000,10167000,9806000,10274000,7068000,2500000,5916000,2145000,2883000,5646000,2427000,16903000,3316000,31179000,8558000,2191000,11320000,3471000,6463000,14420000,2875000,4186000,2137000,5631000,28160000,4900000,1903000,10616000,13669000,2528000,6512000,1962000
Child Welfare Services,https://www.acf.hhs.gov/cb/focus-areas/child-welfare-services,HHS,4644000,107000,5761000,2984000,29788000,4252000,1838000,792000,342000,15385000,10140000,1137000,1814000,9985000,6400000,2664000,2613000,4275000,4237000,1060000,3777000,3713000,8693000,4187000,3190000,5419000,674000,1618000,2631000,904000,5320000,1489000,11690000,9187000,429000,10107000,851000,3351000,9379000,814000,4678000,365000,5914000,25617000,3733000,518000,6011000,5199000,1681000,4664000,416000
Fresh Fruit and Vegetable Program,https://www.fns.usda.gov/ffvp/fresh-fruit-and-vegetable-program,USDA,3493000,2241000,4094000,2922000,13913000,3677000,3108000,2305000,2221000,8185000,5123000,2452000,2521000,5923000,4029000,2966000,2902000,3362000,3436000,2421000,3842000,4082000,5032000,3686000,2926000,3866000,2331000,2593000,2897000,2421000,4738000,2650000,8030000,5071000,2247000,5545000,3206000,3243000,5906000,2338000,3506000,2278000,4024000,10373000,2929000,2207000,4565000,4199000,2577000,3771000,2195000
Enhanced Mobility of Seniors and Individuals with Disabilities,https://www.transit.dot.gov/funding/grants/enhanced-mobility-seniors-individuals-disabilities-section-5310,DOT,4247000,396000,5840000,2549000,29372000,3959000,3121000,401000,3010000,21402000,7263000,1176000,1433000,10009000,5012000,2549000,1639000,3338000,4170000,1159000,3496000,5829000,8982000,3847000,2067000,5933000,884000,1337000,2218000,1090000,1191000,1802000,20870000,7672000,612000,10445000,3012000,3794000,13578000,1200000,4111000,697000,5845000,18862000,1794000,481000,4696000,5733000,2191000,4781000,442000
Emergency Solutions Grants - Nonentitlement (States),https://www.hudexchange.info/programs/cdbg-state/,HUD,2755000,230000,1991000,2383000,12006000,2398000,2181000,204000,0,5184000,5124000,437000,1556000,5594000,4643000,2758000,1565000,3120000,2970000,1311000,1070000,5225000,4988000,2060000,2404000,2931000,936000,942000,418000,867000,3223000,1123000,6563000,4990000,657000,5762000,1645000,2016000,6062000,672000,2646000,750000,3641000,9029000,1250000,636000,2902000,2554000,1694000,3458000,310000
Evans-Allen Research Grants,https://nifa.usda.gov/previous-agricultural-research-1890-land-grant-institutions-evans-allen-research-program-request,USDA,5376000,0,0,2326000,0,0,0,1247000,0,2158000,3087000,0,0,0,0,0,0,3685000,2045000,0,1562000,0,0,0,2538000,3709000,0,0,0,0,0,0,0,4240000,0,1114000,2422000,0,0,0,2285000,0,3404000,5157000,0,0,2885000,0,1539000,0,0
Administration on Aging Home Delivered Meals,https://acl.gov/programs/health-wellness/nutrition-services,HHS,3435000,1125000,4902000,2114000,23603000,3331000,2556000,1125000,1125000,16805000,6004000,1125000,1125000,8351000,4404000,2255000,1932000,3060000,3007000,1130000,3890000,4718000,7162000,3684000,1991000,4290000,1125000,1262000,1905000,1125000,6054000,1460000,13344000,6828000,1125000,8350000,2590000,3006000,9743000,1125000,3569000,1125000,4583000,14896000,1415000,1125000,5410000,4770000,1512000,4108000,1125000
Justice Assistance Grants - State,https://bja.ojp.gov/program/jag/overview,DOJ,3232000,807000,3520000,2071000,17701000,2728000,1711000,859000,1444000,10711000,5164000,840000,1053000,6511000,3355000,1843000,1921000,2075000,3158000,931000,3378000,3453000,5589000,2631000,1819000,4056000,937000,1167000,2134000,1023000,4047000,1620000,8879000,4826000,468000,5562000,2413000,2035000,6643000,767000,3253000,882000,4791000,13134000,1527000,476000,3354000,3278000,1201000,2797000,547000
Pollution Control (Sec. 106),https://www.epa.gov/water-pollution-control-section-106-grants,EPA,3579000,1426000,1874000,2060000,11724000,2229000,2113000,1295000,1164000,6384000,4205000,2069000,1665000,5189000,2840000,2941000,2539000,2016000,4932000,2197000,2695000,3194000,8718000,4559000,3970000,3455000,2384000,2362000,956000,1121000,3651000,1550000,7507000,6871000,1739000,5095000,2500000,2863000,5934000,1511000,2714000,1581000,2497000,9256000,1696000,882000,3395000,5584000,1851000,6378000,977000
Weatherization Assistance Program,https://www.energy.gov/eere/wipo/weatherization-assistance-program,DOE,2415000,1728000,1268000,1980000,6215000,5448000,2599000,605000,631000,2000000,3001000,216000,1974000,13271000,6573000,4872000,2503000,4520000,1425000,3066000,2677000,6429000,15283000,9720000,1589000,5905000,2488000,2484000,922000,1524000,5101000,1746000,19950000,4155000,2469000,13448000,2574000,2860000,14599000,1159000,1766000,1883000,4282000,5481000,2089000,1301000,3990000,4589000,3158000,8647000,1055000
Extension Service 1890 Colleges,https://nifa.usda.gov/program/1890-land-grant-institutions-programs,USDA,4381000,0,0,1928000,0,0,0,1187000,0,1892000,2615000,0,0,0,0,0,0,3262000,1710000,0,1371000,0,0,0,2037000,3354000,0,0,0,0,0,0,0,3698000,0,1151000,2067000,0,0,0,1871000,0,2938000,4462000,0,0,2466000,0,1404000,0,0
State Library Program,https://www.imls.gov/grants/grant-programs/grants-states,Other,2476000,954000,3240000,1784000,15179000,2727000,2001000,1032000,932000,8294000,4489000,1208000,1302000,5409000,3130000,1838000,1754000,2319000,2409000,1172000,2902000,3196000,4347000,2719000,1784000,2931000,1065000,1384000,1766000,1133000,3984000,1449000,7974000,4428000,960000,4970000,2129000,2192000,5402000,1070000,2513000,1000000,3137000,10972000,1807000,911000,3760000,3372000,1356000,2724000,896000
Metropolitan Planning,https://www.fhwa.dot.gov/fastact/factsheets/metropolitanplanningfs.cfm,DOT,3104000,2289000,5907000,1734000,50507000,5339000,4659000,1799000,1792000,20901000,7843000,1765000,1634000,17225000,5284000,2002000,1966000,2557000,4340000,1860000,7000000,9074000,10454000,4616000,1717000,5247000,1815000,1673000,3314000,1596000,12567000,1625000,25210000,5872000,1695000,11694000,2610000,3654000,13094000,1875000,3180000,1784000,4853000,26528000,3271000,2116000,7632000,7392000,1718000,4615000,1596000
Planning,https://www.eda.gov/funding-opportunities/,DOC,1295000,760000,350000,1680000,561000,636000,285000,0,0,1491000,1744000,93000,590000,557000,843000,914000,354000,1050000,260000,535000,210000,600000,935000,654000,490000,1037000,1155000,358000,80000,140000,70000,293000,825000,927000,764000,231000,2000000,1135000,490000,125000,150000,703000,77000,460000,490000,210000,830000,887000,630000,1046000,83000
STOP Grants,https://www.justice.gov/ovw/grant-programs,DOJ,2332000,873000,3069000,1664000,14581000,2595000,1890000,939000,843000,8002000,4307000,1119000,1200000,5160000,2987000,1732000,1636000,2181000,2287000,1085000,2743000,3026000,4170000,2566000,1679000,2770000,971000,1279000,1647000,1075000,3786000,1341000,7634000,4214000,870000,4737000,1998000,2058000,5154000,976000,2367000,908000,2969000,10603000,1687000,831000,3596000,3196000,1252000,2681000,809000
State and Local Air Quality Management,https://www.epa.gov/air-quality-management-process,EPA,2383000,1688000,5419000,1530000,24977000,3342000,4226000,1397000,1154000,4875000,4549000,903000,1631000,8614000,4430000,1682000,1530000,2822000,3562000,1572000,4217000,5481000,5386000,2807000,1743000,3261000,1623000,1159000,2458000,1624000,5751000,1932000,8929000,2209000,950000,7304000,3107000,3786000,8825000,2031000,2394000,1100000,5909000,10264000,2974000,1203000,3422000,4166000,1864000,3771000,1039000
Administration on Aging Family Caregiver,https://acl.gov/programs/support-caregivers/national-family-caregiver-support-program,HHS,2267000,746000,3406000,1437000,15484000,2028000,1731000,746000,746000,12289000,3739000,746000,746000,5501000,2886000,1554000,1299000,1976000,1920000,746000,2508000,3147000,4686000,2436000,1303000,2893000,746000,852000,1209000,746000,4076000,956000,8973000,4460000,746000,5525000,1738000,1925000,6680000,746000,2298000,746000,2986000,9437000,906000,746000,3489000,3005000,991000,2721000,746000
Jobs for Veterans State Grants (DVOP/LVER),https://www.dol.gov/agencies/vets/programs/grants/state/jvsg,DOL,2693000,586000,4001000,1429000,19465000,3092000,1884000,505000,485000,11543000,6198000,657000,828000,7024000,3686000,1647000,1496000,2352000,2572000,847000,3509000,3128000,5277000,2608000,1611000,3487000,618000,906000,1989000,768000,4083000,1248000,8562000,5820000,485000,6215000,2023000,2446000,6849000,641000,2787000,485000,3915000,13505000,1130000,485000,5825000,4439000,1011000,3183000,485000
Hunter Safety,https://wsfrprograms.fws.gov/Subpages/GrantPrograms/HunterEd/HE.htm,DOI,3237000,1426000,4279000,1426000,4279000,3406000,2420000,1426000,0,4279000,4279000,1426000,1426000,4279000,4279000,1426000,1426000,2939000,3070000,1426000,3910000,4279000,4279000,3592000,1426000,4056000,1426000,1426000,1426000,1426000,4279000,1426000,4279000,4279000,1426000,4279000,2540000,2594000,4279000,1426000,3132000,1426000,4279000,4279000,1426000,1426000,4279000,4279000,1426000,3851000,1426000
"Small, Rural School Achievement Program",https://www2.ed.gov/programs/reapsrsa/index.html,ED,0,303000,2230000,1425000,5986000,1850000,1046000,13000,0,0,61000,0,1321000,4564000,363000,3669000,3803000,106000,83000,1727000,0,1223000,2759000,3657000,66000,5663000,5034000,4368000,112000,1444000,1719000,753000,2079000,894000,1107000,2304000,7418000,1694000,516000,139000,0,1340000,155000,9086000,777000,13000,48000,2024000,0,2926000,53000
Extension Service Expand Food & Nutrition,https://nifa.usda.gov/program/expanded-food-and-nutrition-education-program-efnep,USDA,2206000,263000,714000,1414000,3600000,662000,539000,412000,110000,2413000,2372000,347000,388000,2184000,1283000,958000,763000,1808000,1991000,499000,1025000,1037000,1866000,1059000,1836000,1718000,382000,610000,293000,325000,1138000,595000,3403000,2707000,420000,2397000,1227000,599000,2690000,386000,1873000,463000,2135000,4556000,410000,319000,1846000,793000,1127000,1032000,276000
Preventive Health and Health Services Block Grant,https://www.cdc.gov/phhsblockgrant/index.htm,HHS,2476000,542000,1861000,1392000,10600000,1930000,2263000,289000,1217000,4639000,4823000,1225000,579000,3623000,2483000,1712000,1464000,2088000,4551000,1401000,2937000,4235000,6148000,3956000,2274000,3892000,1038000,2615000,612000,2244000,4496000,2204000,10714000,4285000,398000,7054000,1458000,1117000,7433000,740000,1917000,362000,2528000,6323000,1508000,426000,3172000,1558000,1401000,3049000,356000
Public Works,https://www.eda.gov/programs/eda-programs/,DOC,1215000,2534000,3000000,1300000,3327000,0,0,3000000,0,1500000,1124000,1600000,0,6573000,4181000,2740000,850000,2480000,2320000,3488000,200000,0,534000,3300000,2188000,4261000,620000,0,3000000,0,2500000,2562000,5291000,7188000,0,2511000,5625000,9166000,2968000,600000,3470000,471000,4000000,5600000,0,0,2514000,2799000,0,500000,1947000
National Endowment for the Humanities,https://www.neh.gov/grants,Other,948000,1149000,977000,1255000,10871000,1394000,2703000,1335000,2813000,2653000,1667000,946000,817000,4903000,2663000,1180000,1352000,812000,1975000,1418000,2268000,6036000,3451000,2404000,1376000,2205000,761000,1111000,968000,973000,1674000,637000,14563000,2935000,1105000,2670000,909000,2701000,4933000,963000,972000,839000,1384000,4301000,800000,854000,4869000,1388000,1000000,1427000,765000
Family Violence Prevention and Services,https://www.acf.hhs.gov/fysb/programs/family-violence-prevention-services,HHS,1659000,761000,2052000,1248000,8999000,1754000,1388000,803000,742000,4884000,2790000,908000,953000,3423000,2040000,1277000,1234000,1563000,1614000,891000,1899000,2067000,2768000,1788000,1255000,1924000,822000,1009000,1211000,890000,2550000,1057000,4906000,2758000,759000,3135000,1444000,1461000,3399000,830000,1646000,785000,2023000,6395000,1236000,737000,2410000,2128000,1006000,1858000,728000
National Farmworker Jobs Program,https://www.dol.gov/agencies/eta/agriculture,DOL,764000,0,2058000,1105000,19283000,965000,340000,122000,0,4000000,1478000,319000,1037000,1387000,891000,1135000,1037000,1168000,879000,283000,350000,311000,1350000,1191000,1252000,951000,576000,1050000,173000,98000,672000,913000,1599000,2596000,586000,1216000,1228000,1903000,1491000,37000,933000,598000,827000,6439000,279000,184000,895000,2982000,189000,1207000,226000
HOME Investment Partnerships - Entitlement (Locals),https://www.hud.gov/program_offices/comm_planning/affordablehousing/programs/home/,HUD,4679000,544000,11685000,1040000,98513000,8705000,4234000,1113000,3882000,31828000,10477000,2263000,576000,28972000,8697000,2475000,3140000,3889000,6068000,1148000,8358000,17404000,17360000,7564000,1199000,8149000,754000,2466000,5865000,750000,21067000,1833000,72647000,13658000,337000,21523000,4348000,6868000,25588000,1938000,7749000,368000,7832000,40775000,3502000,401000,11169000,14459000,1810000,9897000,0
Housing Opportunities for Persons with AIDS,https://www.hudexchange.info/programs/hopwa/,HUD,2843000,0,2893000,1024000,38859000,2282000,3305000,964000,11213000,39315000,26828000,738000,0,9309000,2211000,496000,453000,1288000,8003000,0,10242000,4814000,4569000,1377000,2612000,3484000,0,422000,1627000,0,11979000,713000,50970000,6205000,0,4339000,1321000,1686000,10980000,1001000,3913000,0,5716000,23984000,592000,0,3122000,2876000,401000,1221000,0
Sexual Risk Avoidance Education (Abstinence Education),https://www.acf.hhs.gov/fysb/programs/adolescent-pregnancy-prevention/sexual-risk-avoidance-education,HHS,1603000,0,1756000,973000,0,1006000,0,0,0,4086000,3419000,191000,0,2555000,1765000,469000,667000,1375000,1621000,0,747000,0,2609000,999000,1121000,1850000,0,321000,760000,0,1671000,773000,4036000,2904000,128000,3144000,1103000,962000,2216000,0,1528000,160000,2033000,7448000,629000,0,1255000,0,485000,1012000,0
Public Water System Supervision,https://www.epa.gov/dwreginfo/public-water-system-supervision-pwss-grant-program,EPA,880000,2324000,1419000,936000,6331000,1517000,1274000,358000,544000,3605000,2280000,467000,1209000,3044000,1949000,1375000,1104000,774000,1321000,939000,1527000,1181000,4118000,2480000,1189000,1956000,1360000,988000,816000,1204000,1938000,1013000,4405000,3044000,665000,2647000,1376000,1608000,4090000,488000,1025000,720000,936000,6569000,894000,787000,2006000,2733000,768000,3473000,758000
Centers for Independent Living,https://acl.gov/programs/aging-and-disability-networks/centers-independent-living,HHS,949000,840000,1333000,840000,8104000,1065000,840000,840000,840000,3958000,2176000,378000,840000,2612000,1292000,591000,840000,648000,912000,840000,1173000,1326000,1937000,1202000,840000,1188000,840000,987000,840000,840000,1749000,840000,3865000,1961000,710000,2267000,840000,840000,2499000,840000,774000,840000,1504000,5363000,840000,840000,1637000,1400000,905000,1127000,840000
Justice Assistance Grants - Local,https://bja.ojp.gov/program/jag/overview,DOJ,1150000,481000,2045000,837000,10613000,1457000,910000,524000,0,5995000,2401000,608000,448000,3132000,1730000,638000,746000,906000,1453000,267000,1988000,1751000,2591000,976000,665000,1451000,348000,560000,1317000,315000,1824000,864000,5442000,2192000,167000,2363000,1059000,910000,2541000,439000,1448000,376000,2037000,6972000,727000,147000,1656000,1661000,532000,1289000,124000
Hazardous Waste Financial Assistance,https://www.epa.gov/hwpermitting/financial-assurance-requirements-hazardous-waste-treatment-storage-and-disposal,EPA,1935000,66000,1357000,829000,7129000,1135000,2661000,678000,268000,2795000,2357000,745000,388000,4685000,2389000,172000,1044000,1746000,2471000,498000,1685000,1622000,3708000,1562000,1183000,2784000,337000,719000,662000,480000,3360000,824000,5137000,2279000,294000,4881000,952000,681000,4452000,480000,2020000,280000,2079000,8165000,770000,480000,1945000,2021000,1749000,1951000,417000
Emergency Food and Shelter Program,https://www.fema.gov/media-library/assets/documents/24422,DHS,2155000,289000,3060000,813000,17156000,909000,1495000,325000,427000,7531000,4087000,250000,264000,5671000,1757000,579000,738000,1300000,1922000,401000,1386000,2134000,3897000,1350000,1170000,2052000,250000,250000,1305000,250000,2907000,1131000,7377000,3445000,250000,4555000,1352000,1620000,4943000,371000,1844000,250000,2312000,10820000,742000,250000,1403000,3219000,606000,1449000,250000
State Councils on Developmental Disabilities,https://acl.gov/programs/aging-and-disability-networks/state-councils-developmental-disabilities,HHS,1291000,486000,1412000,771000,6527000,881000,687000,486000,486000,3656000,2066000,486000,486000,2618000,1485000,772000,613000,1198000,1372000,486000,1006000,1363000,2537000,1023000,912000,1365000,486000,486000,540000,486000,1549000,489000,4091000,2016000,486000,2840000,895000,779000,3019000,486000,1094000,486000,1458000,4802000,634000,486000,1498000,1168000,738000,1309000,486000
Historic Preservation Fund,https://www.nps.gov/preservation-grants/,DOI,841000,1038000,876000,769000,1537000,905000,750000,535000,532000,1057000,933000,583000,746000,1174000,937000,866000,859000,831000,847000,722000,814000,938000,1142000,964000,759000,957000,802000,802000,761000,631000,946000,804000,1399000,948000,693000,1134000,848000,884000,1212000,587000,776000,718000,869000,1372000,788000,582000,916000,944000,720000,973000,701000
Natl. Endowment for the Arts- State Programs,https://www.arts.gov/grants-organizations/partnership-agreements/state-partnership-grant-program-description,Other,765000,676000,822000,638000,1143000,712000,722000,681000,711000,794000,742000,675000,772000,851000,767000,618000,630000,732000,743000,741000,737000,891000,762000,775000,794000,721000,780000,764000,696000,697000,865000,692000,737000,947000,717000,966000,725000,714000,933000,719000,792000,774000,782000,963000,718000,709000,702000,820000,653000,787000,696000
Emergency Food Asst. Administration,https://www.fns.usda.gov/tefap/emergency-food-assistance-program,USDA,1045000,127000,1405000,581000,7544000,742000,587000,149000,157000,3742000,2030000,177000,275000,2487000,1165000,464000,451000,911000,1049000,204000,867000,1036000,1830000,745000,717000,1060000,175000,264000,575000,142000,1355000,485000,3611000,1965000,96000,2090000,698000,753000,2182000,194000,965000,122000,1249000,4933000,405000,80000,1177000,1257000,385000,918000,92000
State Wildlife Grants,https://wsfrprograms.fws.gov/Subpages/GrantPrograms/SWG/SWG.htm,DOI,766000,2493000,1255000,579000,2493000,1061000,499000,499000,249000,2273000,1318000,499000,593000,1634000,865000,608000,721000,662000,720000,499000,659000,729000,1337000,989000,556000,985000,859000,588000,851000,499000,961000,840000,2283000,1270000,499000,1421000,752000,900000,1564000,499000,644000,499000,881000,2493000,725000,499000,1047000,1054000,499000,884000,561000
Runaway & Homeless Youth - Basic Center,https://www.acf.hhs.gov/fysb/resource/bcp-fact-sheet,HHS,588000,200000,800000,551000,5759000,770000,589000,109000,800000,2983000,1228000,200000,271000,2257000,957000,313000,316000,794000,818000,325000,397000,991000,2489000,836000,408000,1288000,200000,400000,402000,200000,1351000,645000,2901000,1237000,200000,1657000,834000,1317000,1686000,0,400000,321000,600000,2948000,443000,200000,1000000,970000,129000,764000,100000
Healthy Start,https://mchb.hrsa.gov/maternal-child-health-initiatives/healthy-start,HHS,1749000,0,2338000,485000,4829000,677000,1520000,0,1543000,5785000,2712000,0,0,6032000,1750000,1088000,1240000,656000,3688000,0,1432000,1608000,6031000,674000,2449000,1671000,0,680000,630000,0,3844000,1361000,6963000,3055000,0,4615000,3116000,1361000,6530000,0,2087000,590000,680000,3705000,0,0,1733000,0,680000,549000,0
State Energy Program,https://www.energy.gov/eere/wipo/state-energy-program,DOE,619000,298000,581000,480000,2564000,619000,563000,270000,255000,1369000,883000,283000,317000,1599000,938000,567000,500000,634000,786000,349000,713000,857000,1326000,828000,455000,771000,295000,392000,345000,329000,1096000,360000,2162000,898000,291000,1492000,563000,505000,1530000,304000,561000,278000,747000,2350000,398000,268000,877000,706000,427000,851000,268000
Personal Responsibility Education Program,https://www.acf.hhs.gov/opre/research/project/personal-responsibility-education-program-prep-multi-component,HHS,720000,250000,1051000,452000,5860000,808000,545000,250000,250000,0,1623000,250000,276000,1937000,0,478000,0,649000,694000,250000,869000,975000,1493000,818000,469000,900000,250000,297000,417000,250000,1306000,316000,2757000,1500000,0,1738000,601000,556000,1819000,250000,710000,250000,962000,0,557000,250000,0,1007000,248000,858000,250000
Protection and Advocacy for Individuals with Mental Illness,https://www.justice.gov/archives/opa/blog/protection-and-advocacy-individuals-mental-illness,DOJ,454000,428000,627000,428000,3141000,438000,428000,428000,428000,1739000,926000,428000,428000,1067000,600000,428000,428000,428000,428000,428000,466000,508000,888000,446000,428000,537000,428000,428000,428000,428000,678000,428000,1522000,909000,428000,1019000,428000,428000,1059000,428000,458000,428000,589000,2279000,428000,428000,672000,574000,428000,495000,428000
Technical Assistance,https://www.eda.gov/funding-opportunities/,DOC,118000,694000,149000,410000,1499000,1162000,117000,117000,1061000,870000,1559000,125000,147000,1307000,1619000,406000,365000,118000,205000,117000,117000,1135000,2013000,221000,118000,1572000,122000,0,125000,65000,117000,103000,1518000,397000,100000,230000,602000,177000,1412000,0,171000,0,236000,1788000,80000,0,117000,1420000,117000,415000,110000
Workforce Information Grants,https://www.federalregister.gov/documents/2019/10/10/2019-22186/agency-information-collection-activities-comment-request-workforce-information-grants-to-states-wigs,DOL,501000,286000,625000,404000,2515000,585000,469000,300000,290000,1402000,820000,325000,340000,1027000,640000,447000,422000,478000,499000,324000,620000,670000,816000,604000,396000,617000,306000,365000,414000,332000,786000,353000,1395000,817000,293000,928000,463000,485000,1015000,309000,516000,298000,614000,1819000,420000,285000,746000,673000,337000,615000,279000
Economic Adjustment,https://www.eda.gov/funding-opportunities/,DOC,398000,2746000,624000,401000,2970000,2001000,0,0,650000,150000,1117000,230000,0,1968000,2825000,2213000,0,6494000,2270000,997000,0,1686000,100000,103000,0,319000,70000,0,500000,526000,0,504000,2164000,3100000,167000,2849000,2000000,488000,4288000,0,2620000,750000,322000,1700000,875000,0,0,650000,9866000,393000,3904000
Juvenile Justice Formula Grants,https://ojjdp.ojp.gov/programs/formula-grants-program,DOJ,505000,381000,696000,395000,3396000,561000,402000,400000,381000,1610000,1003000,394000,401000,1188000,669000,402000,402000,471000,500000,401000,585000,485000,896000,571000,395000,611000,401000,0,395000,401000,834000,395000,1649000,926000,400000,1048000,452000,416000,1089000,381000,476000,400000,650000,2706000,414000,400000,787000,680000,401000,566000,20000
Developmental Disabilities - Protection & Advocacy,https://acl.gov/programs/aging-and-disability-networks/state-protection-advocacy-systems,HHS,581000,385000,694000,393000,3368000,463000,387000,385000,385000,1955000,1054000,385000,385000,1227000,713000,385000,385000,535000,537000,385000,487000,603000,1121000,502000,409000,643000,385000,385000,385000,385000,759000,385000,1802000,1063000,385000,1236000,395000,410000,1293000,385000,551000,385000,706000,2463000,385000,385000,728000,641000,385000,597000,385000
Sexual Assault Services Formula Program,https://www.justice.gov/ovw/resources-and-faqs-grantees,DOJ,412000,375000,443000,383000,933000,485000,441000,352000,348000,828000,596000,391000,363000,532000,511000,431000,382000,405000,467000,389000,429000,441000,588000,422000,428000,430000,354000,367000,382000,358000,473000,369000,637000,492000,349000,514000,397000,400000,532000,354000,413000,351000,439000,993000,384000,373000,465000,448000,366000,492000,347000
Rural and Low-Income Schools Program,https://www2.ed.gov/programs/reaprlisp/index.html,ED,3912000,164000,1668000,3130000,3511000,592000,0,0,0,2278000,5887000,0,701000,1264000,1568000,476000,984000,4774000,2442000,1291000,84000,54000,2345000,349000,4795000,2979000,491000,68000,99000,660000,56000,1398000,2287000,4135000,86000,3951000,4299000,1576000,1411000,0,2372000,261000,4000000,8255000,252000,242000,2092000,1427000,1836000,492000,46000
State of Good Repair Grants,https://www.transit.dot.gov/funding/grants/state-good-repair-grants-5337,DOT,0,22957000,7031000,318000,392189000,14281000,60250000,0,166962000,44405000,53216000,1404000,0,254542000,2676000,0,0,0,4393000,7682000,59964000,140075000,1221000,15313000,0,17251000,0,0,2136000,0,179126000,8739000,706452000,2535000,0,27299000,347000,23485000,173549000,4311000,0,0,4008000,30189000,12973000,0,2131000,68034000,928000,1402000,0
Independent Living State Grants,https://acl.gov/grants,HHS,305000,305000,343000,305000,1969000,305000,305000,305000,305000,1020000,514000,305000,305000,647000,333000,305000,305000,305000,305000,305000,305000,342000,499000,305000,305000,306000,305000,305000,305000,305000,451000,305000,996000,505000,305000,584000,305000,305000,644000,305000,305000,305000,332000,1382000,305000,305000,422000,361000,305000,305000,305000
Homeless Mental Health (PATH),https://www.samhsa.gov/homelessness-programs-resources/grant-programs-services/path,HHS,613000,300000,1349000,304000,8810000,1019000,799000,300000,300000,4333000,1669000,300000,300000,2704000,1011000,334000,377000,469000,733000,300000,1271000,1558000,1729000,811000,300000,893000,300000,300000,616000,300000,2137000,300000,4222000,1379000,300000,1986000,453000,631000,2366000,300000,680000,300000,909000,4994000,591000,300000,1472000,1329000,300000,836000,300000
Community-Based Child Abuse Prevention,https://www.acf.hhs.gov/cb/resource/cbcap-state-grants,HHS,429000,356000,741000,301000,3279000,905000,761000,207000,220000,1543000,840000,453000,203000,1014000,1068000,406000,598000,1635000,369000,218000,590000,515000,756000,1858000,239000,487000,206000,391000,219000,209000,2065000,332000,1376000,1050000,203000,934000,735000,279000,901000,227000,604000,204000,505000,3037000,362000,218000,613000,974000,248000,468000,205000
Services for Older Blind Individuals,https://www2.ed.gov/programs/rsailob/index.html,ED,476000,225000,657000,289000,3353000,474000,361000,225000,225000,2242000,854000,225000,225000,1180000,619000,311000,270000,429000,425000,225000,554000,663000,1005000,522000,278000,598000,225000,225000,264000,225000,857000,225000,1880000,947000,225000,1167000,361000,410000,1356000,225000,488000,225000,637000,2132000,225000,225000,764000,668000,225000,577000,225000
CAPTA State Grants,https://www.acf.hhs.gov/cb/resource/capta-state-grants,HHS,382000,106000,539000,262000,2796000,428000,280000,112000,86000,1286000,804000,144000,180000,941000,525000,269000,267000,355000,386000,127000,456000,468000,714000,437000,269000,469000,118000,192000,251000,129000,652000,200000,1318000,740000,102000,841000,339000,310000,860000,114000,379000,114000,501000,2221000,325000,86000,613000,535000,164000,440000,92000
Pesticides Enforcement,https://www.epa.gov/enforcement/federal-insecticide-fungicide-and-rodenticide-act-fifra-and-federal-facilities,EPA,254000,131000,219000,235000,577000,228000,162000,141000,132000,469000,304000,147000,192000,444000,338000,370000,294000,295000,213000,150000,226000,176000,342000,366000,208000,338000,218000,305000,152000,142000,218000,235000,326000,339000,238000,389000,326000,229000,377000,135000,207000,245000,322000,686000,181000,141000,247000,308000,163000,315000,170000
Vulnerable Elder Rights Protection Activities,https://acl.gov/sites/default/files/news%202017-03/Elder_Rights_Safeguards_for_the_Most_Vulnerable_Among_Us_1.pdf,HHS,318000,103000,429000,197000,2130000,291000,240000,103000,103000,1525000,525000,103000,103000,784000,408000,214000,182000,282000,280000,103000,351000,441000,664000,335000,185000,399000,103000,118000,167000,103000,569000,129000,1256000,607000,103000,784000,242000,268000,928000,103000,314000,103000,414000,1321000,124000,103000,483000,422000,143000,379000,103000
Administration on Aging Preventive Health Services,https://acl.gov/about-acl/administration-aging,HHS,309000,98000,392000,196000,1977000,266000,242000,98000,98000,1444000,480000,98000,98000,780000,396000,215000,178000,271000,274000,98000,335000,432000,643000,314000,182000,392000,98000,116000,152000,98000,576000,118000,1276000,546000,98000,775000,239000,240000,944000,98000,285000,98000,386000,1191000,113000,98000,450000,381000,142000,363000,98000
Supported Employment State Grants,https://www2.ed.gov/programs/rsasupemp/index.html,ED,484000,8000,483000,325000,2971000,386000,300000,300000,300000,1435000,723000,300000,300000,910000,469000,300000,300000,313000,331000,300000,425000,481000,639000,389000,300000,431000,300000,300000,215000,300000,634000,300000,1401000,711000,300000,822000,300000,300000,1000000,300000,347000,300000,467000,1944000,300000,300000,593000,714000,300000,409000,92000
Children's Justice Act,https://www.childwelfare.gov/topics/systemwide/courts/reform/cja/,HHS,260000,86000,359000,184000,1788000,290000,196000,89000,73000,832000,527000,109000,132000,614000,351000,189000,187000,243000,262000,99000,307000,314000,471000,295000,189000,315000,93000,140000,178000,100000,431000,145000,853000,487000,83000,551000,233000,214000,563000,90000,258000,90000,335000,1425000,224000,73000,406000,357000,122000,297000,76000
State Offices of Rural Health,https://www.hrsa.gov/about/organization/bureaus/orhp/index.html,HHS,180000,180000,180000,179000,180000,180000,180000,180000,0,171000,180000,180000,177000,180000,180000,172000,180000,180000,172000,114000,167000,179000,153000,180000,172000,180000,180000,180000,180000,110000,180000,167000,180000,176000,180000,172000,180000,180000,180000,180000,180000,180000,180000,180000,179000,180000,180000,180000,144000,180000,179000
Protection & Advocacy Individual Rights,https://www2.ed.gov/programs/rsapair/index.html,ED,221000,172000,311000,172000,1782000,248000,172000,172000,172000,923000,465000,172000,172000,585000,301000,172000,172000,201000,213000,172000,273000,309000,452000,250000,172000,277000,172000,172000,172000,172000,408000,172000,901000,457000,172000,529000,178000,183000,583000,172000,223000,172000,300000,1251000,172000,172000,382000,326000,172000,263000,172000
Paul Coverdell Forensic Sciences Improvement Grant Program,https://nij.ojp.gov/funding/coverdell-national-forensic-science-improvement-grants-program,DOJ,116000,108000,163000,169000,1093000,130000,108000,108000,108000,538000,244000,108000,108000,555000,158000,108000,341000,108000,112000,108000,0,162000,237000,298000,108000,145000,108000,108000,278000,108000,214000,108000,473000,240000,108000,527000,108000,108000,306000,108000,137000,108000,158000,656000,108000,108000,200000,0,108000,138000,108000
Work Opportunity Tax Credit Program,https://www.irs.gov/businesses/small-businesses-self-employed/work-opportunity-tax-credit,Other,347000,66000,343000,165000,2392000,288000,138000,66000,66000,1073000,557000,67000,68000,810000,372000,242000,158000,318000,356000,89000,249000,325000,716000,233000,201000,354000,66000,114000,96000,66000,354000,132000,870000,552000,66000,838000,220000,257000,811000,66000,305000,66000,625000,1230000,131000,66000,407000,488000,142000,281000,66000
Underground Injection Control,https://www.epa.gov/uic/underground-injection-control-regulations-and-safe-drinking-water-act-provisions,EPA,112000,225000,156000,157000,692000,215000,50000,48000,33000,287000,104000,67000,100000,351000,201000,73000,480000,221000,320000,70000,89000,59000,272000,76000,193000,126000,153000,148000,78000,78000,63000,278000,213000,103000,152000,273000,313000,127000,193000,47000,89000,135000,93000,948000,163000,51000,120000,144000,134000,69000,355000
Client Assistance State Grants,https://www2.ed.gov/programs/rsacap/index.html,ED,165000,132000,232000,132000,1328000,185000,132000,132000,132000,688000,347000,132000,132000,436000,225000,132000,132000,150000,158000,132000,204000,231000,337000,186000,132000,206000,132000,132000,132000,132000,304000,132000,672000,341000,132000,394000,133000,137000,434000,132000,166000,132000,224000,932000,132000,132000,284000,243000,132000,196000,132000
Access and Visitation Grants,https://www.acf.hhs.gov/css/grants/grant-updates-results/access-and-visitation-mandatory-grants,HHS,140000,100000,186000,100000,925000,126000,100000,100000,100000,517000,298000,100000,100000,326000,185000,100000,100000,121000,150000,100000,156000,164000,269000,140000,104000,164000,100000,100000,100000,100000,211000,100000,511000,279000,100000,340000,111000,100000,328000,100000,137000,100000,184000,766000,100000,100000,203000,172000,100000,153000,100000
Extension Service Renewable Resources,https://nifa.usda.gov/program/renewable-resources-extension-act-capacity-grant,USDA,120000,97000,62000,98000,96000,58000,46000,60000,14000,92000,108000,46000,52000,55000,54000,46000,46000,85000,83000,59000,60000,46000,77000,61000,103000,87000,65000,46000,48000,46000,46000,68000,86000,105000,46000,77000,80000,88000,81000,46000,89000,46000,86000,112000,49000,46000,101000,83000,70000,80000,51000
Fish & Wildlife - Enhanced Hunter Safety,https://wsfrprograms.fws.gov/,DOI,181000,80000,240000,80000,240000,191000,136000,80000,0,240000,240000,80000,80000,240000,240000,80000,80000,165000,172000,80000,219000,240000,240000,201000,80000,227000,80000,80000,80000,80000,240000,80000,240000,240000,80000,240000,142000,145000,240000,80000,176000,80000,240000,240000,80000,80000,240000,240000,80000,216000,80000
Voting Access for Individuals with Disabilities - P & A,https://www.ndrn.org/resource/fiscal-year-2020-protection-and-advocacy-for-voting-access-pava-appropriations-request-and-justification/,Other,70000,70000,70000,70000,343000,70000,70000,70000,70000,178000,90000,70000,70000,113000,70000,70000,70000,70000,70000,70000,70000,70000,87000,70000,70000,70000,70000,70000,70000,70000,78000,70000,173000,88000,70000,102000,70000,70000,112000,70000,70000,70000,70000,241000,70000,70000,73000,70000,70000,70000,70000
Ryan White - HIV/AIDS Part A,https://hab.hrsa.gov/about-ryan-white-hivaids-program/about-ryan-white-hivaids-program,HHS,0,0,9098000,0,95516000,7826000,8821000,0,32137000,73724000,25389000,0,0,26498000,4361000,0,0,0,12512000,0,16389000,14337000,9323000,5903000,0,10579000,0,0,5868000,0,24836000,0,104485000,5981000,0,8973000,0,4065000,22879000,0,0,0,11382000,54732000,0,0,5824000,6872000,0,0,0
Guardianship Assistance,https://www.acf.hhs.gov/cb/resource/title-iv-e-guardianship-assistance,HHS,1000000,623000,0,0,53578000,630000,2312000,0,2885000,0,0,2086000,22000,8271000,135000,4000,0,0,135000,486000,2420000,5073000,3375000,2028000,0,5669000,1286000,203000,115000,0,6010000,0,7698000,0,0,0,0,7617000,11834000,596000,0,83000,7104000,7808000,0,128000,0,934000,1062000,1774000,0
Emergency Solutions Grants - Entitlement (Locals),https://www.hudexchange.info/programs/esg/esg-requirements/,HUD,1547000,278000,3278000,0,22281000,1072000,1013000,371000,1240000,11651000,3581000,1938000,0,9379000,2564000,584000,1340000,1665000,1839000,161000,5546000,5488000,5577000,2236000,154000,2698000,0,534000,1379000,149000,4562000,350000,21999000,1770000,0,7177000,841000,1046000,9914000,689000,556000,0,1663000,13114000,500000,0,2020000,2065000,140000,2556000,0
Coastal Zone Management,https://coast.noaa.gov/czm/about/,DOC,1497000,0,0,0,2683000,0,2058000,1413000,0,2683000,2395000,2279000,0,2332000,1053000,0,0,0,2650000,2555000,2619000,2482000,2615000,980000,1217000,0,0,0,0,1053000,2606000,0,2683000,2544000,0,1831000,0,1690000,1797000,1459000,2501000,0,0,2650000,0,0,2671000,2593000,0,2287000,0
Territorial & Puerto Rico Highway Programs,https://www.fhwa.dot.gov/fastact/factsheets/territorialprhighwaysfs.cfm,DOT,0,0,0,0,0,0,0,0,0,0,0,0,0,0,0,0,0,0,0,0,0,0,0,0,0,0,0,0,0,0,0,0,0,0,0,0,0,0,0,0,0,0,0,0,0,0,0,0,0,0,0
Appalachian Regional Comm - Local Development,https://www.arc.gov/about/LocalDevelopmentDistricts.asp,Other,626000,0,0,0,0,0,0,0,0,0,465000,0,0,0,0,0,0,736000,0,0,148000,0,0,0,385000,0,0,0,0,0,0,0,847000,508000,0,662000,0,0,714000,0,175000,0,503000,0,0,0,487000,0,784000,0,0